city,date,pm25,pm10,no2,o3,co,so2,sub_pm25,sub_pm10,sub_no2,sub_o3,sub_co,sub_so2,aqi,dominant_pollutant
Mumbai,2019-06-18,12.4,16.1,1.5,,,23.3,20.7,16.1,1.8,,,29.1,29.1,so2
Mumbai,2019-06-19,20.7,117.2,-5.3,,,23.7,34.6,111.8,0.0,,,29.6,111.8,pm10
Mumbai,2019-06-20,17.1,112.1,-20.2,5.6,321.6,24.5,28.5,108.4,0.0,5.6,401.0,30.6,401.0,co
Mumbai,2019-06-21,22.7,150.7,-15.4,5.5,436.9,23.9,37.9,134.0,0.0,5.5,401.0,29.9,401.0,co
Mumbai,2019-06-22,24.8,178.3,-17.4,5.2,430.9,24.2,41.4,152.4,0.0,5.2,401.0,30.2,401.0,co
Mumbai,2019-06-23,24.9,197.8,9.7,5.2,328.9,23.8,41.5,165.3,12.1,5.2,401.0,29.7,401.0,co
Mumbai,2019-06-24,27.2,138.3,18.0,4.9,665.8,23.9,45.3,125.8,22.5,4.9,401.0,29.9,401.0,co
Mumbai,2019-06-25,21.2,104.4,6.2,4.9,525.5,24.1,35.3,103.3,7.7,4.9,401.0,30.1,401.0,co
Mumbai,2019-06-26,16.8,88.2,6.5,4.6,448.4,23.7,27.9,88.2,8.1,4.6,401.0,29.6,401.0,co
Mumbai,2019-06-27,13.3,51.0,9.3,5.0,358.7,18.3,22.2,51.0,11.6,5.0,401.0,22.9,401.0,co
Mumbai,2019-06-28,8.6,21.6,7.3,5.2,348.1,18.1,14.3,21.6,9.1,5.2,401.0,22.6,401.0,co
Mumbai,2019-06-29,14.2,38.5,20.6,5.1,417.9,18.2,23.6,38.5,25.8,5.1,401.0,22.7,401.0,co
Mumbai,2019-06-30,17.6,36.2,5.8,5.4,587.2,18.8,29.4,36.2,7.2,5.4,401.0,23.5,401.0,co
Mumbai,2019-07-01,50.9,15.0,13.8,6.2,435.3,17.8,84.6,15.0,17.3,6.2,401.0,22.3,401.0,co
Mumbai,2019-07-02,15.5,22.0,11.4,7.0,528.7,18.7,25.8,22.0,14.3,7.0,401.0,23.4,401.0,co
Mumbai,2019-07-03,503.2,77.9,6.2,7.6,670.6,19.4,401.0,77.9,7.7,7.6,401.0,24.3,401.0,co
Mumbai,2019-07-04,191.4,59.0,7.0,7.1,1185.8,19.6,355.0,59.0,8.7,7.1,401.0,24.5,401.0,co
Mumbai,2019-07-05,14.6,70.8,5.3,6.7,731.5,19.0,24.3,70.8,6.6,6.7,401.0,23.7,401.0,co
Mumbai,2019-07-06,12.1,48.1,5.3,6.5,300.9,18.5,20.1,48.1,6.6,6.5,401.0,23.1,401.0,co
Mumbai,2019-07-07,16.4,66.8,3.7,6.8,405.8,18.7,27.3,66.8,4.6,6.8,401.0,23.4,401.0,co
Mumbai,2019-07-08,248.8,62.4,10.6,6.1,421.8,27.3,399.1,62.4,13.3,6.1,401.0,34.1,401.0,co
Mumbai,2019-07-09,139.1,49.4,8.1,5.4,447.0,20.1,314.9,49.4,10.1,5.4,401.0,25.1,401.0,co
Mumbai,2019-07-10,10.9,35.2,8.7,5.6,392.4,22.9,18.2,35.2,10.9,5.6,401.0,28.7,401.0,co
Mumbai,2019-07-11,116.9,58.5,3.5,6.6,315.6,13.2,289.4,58.5,4.4,6.6,401.0,16.5,401.0,co
Mumbai,2019-07-12,,,,,,,,,,,,,,
Mumbai,2019-07-13,13.1,56.1,3.6,6.1,371.5,13.3,21.9,56.1,4.5,6.1,401.0,16.7,401.0,co
Mumbai,2019-07-14,11.4,63.2,6.1,6.3,386.8,13.3,19.0,63.2,7.6,6.3,401.0,16.7,401.0,co
Mumbai,2019-07-15,15.4,81.4,5.1,6.1,302.4,13.3,25.7,81.4,6.4,6.1,401.0,16.7,401.0,co
Mumbai,2019-07-16,18.4,74.7,5.5,6.3,263.1,12.8,30.7,74.7,6.9,6.3,401.0,16.0,401.0,co
Mumbai,2019-07-17,18.5,89.1,13.6,5.6,336.4,18.8,30.8,89.1,17.0,5.6,401.0,23.5,401.0,co
Mumbai,2019-07-18,40.1,93.1,10.9,5.6,295.4,6.3,66.4,93.1,13.6,5.6,401.0,7.9,401.0,co
Mumbai,2019-07-19,23.2,107.0,16.6,5.5,352.6,6.2,38.6,105.0,20.8,5.5,401.0,7.8,401.0,co
Mumbai,2019-07-20,27.9,73.5,14.4,6.0,836.6,7.4,46.5,73.5,18.0,6.0,401.0,9.2,401.0,co
Mumbai,2019-07-21,20.0,56.2,15.8,6.1,761.0,6.6,33.4,56.2,19.8,6.1,401.0,8.3,401.0,co
Mumbai,2019-07-22,10.3,38.4,10.9,6.3,416.2,6.3,17.1,38.4,13.7,6.3,401.0,7.9,401.0,co
Mumbai,2019-07-23,27.5,34.4,6.1,6.4,327.8,6.3,45.8,34.4,7.6,6.4,401.0,7.9,401.0,co
Mumbai,2019-07-24,12.3,36.4,5.3,6.7,396.0,6.5,20.5,36.4,6.6,6.7,401.0,8.1,401.0,co
Mumbai,2019-07-25,18.6,59.3,6.0,6.2,494.7,6.9,31.0,59.3,7.5,6.2,401.0,8.6,401.0,co
Mumbai,2019-07-26,13.6,48.3,8.6,6.1,336.2,5.9,22.6,48.3,10.7,6.1,401.0,7.3,401.0,co
Mumbai,2019-07-27,12.8,43.4,11.5,4.5,284.6,5.5,21.3,43.4,14.3,4.5,401.0,6.9,401.0,co
Mumbai,2019-07-28,17.3,67.2,11.2,4.9,223.6,5.6,28.8,67.2,13.9,4.9,401.0,7.0,401.0,co
Mumbai,2019-07-29,13.1,50.5,12.0,7.2,344.0,6.1,21.9,,15.0,7.2,401.0,7.7,401.0,co
Mumbai,2019-07-30,10.1,41.3,28.2,12.9,323.6,6.2,16.8,41.3,35.2,12.9,401.0,7.8,401.0,co
Mumbai,2019-07-31,11.7,51.9,30.5,4.9,278.2,6.2,19.6,51.9,38.1,4.9,401.0,7.8,401.0,co
Mumbai,2019-08-01,10.7,47.0,35.4,5.3,256.4,7.0,17.9,47.0,44.3,5.3,401.0,8.8,401.0,co
Mumbai,2019-08-02,51.7,120.4,23.8,25.7,381.8,25.5,86.0,113.9,29.8,25.7,401.0,31.8,401.0,co
Mumbai,2019-08-03,4.8,27.7,19.9,4.1,216.0,16.2,8.0,27.7,24.8,4.1,401.0,20.2,401.0,co
Mumbai,2019-08-04,5.8,37.0,16.9,5.2,279.4,16.2,9.7,37.0,21.1,5.2,401.0,20.3,401.0,co
Mumbai,2019-08-05,56.2,100.3,30.1,4.0,270.8,16.7,93.5,,37.6,4.0,401.0,20.9,401.0,co
Mumbai,2019-08-06,10.9,57.4,13.7,3.7,244.1,16.7,18.1,57.4,17.1,3.7,401.0,20.9,401.0,co
Mumbai,2019-08-07,16.5,124.2,9.5,3.6,224.6,16.8,27.5,116.4,11.9,3.6,401.0,21.0,401.0,co
Mumbai,2019-08-08,167.7,85.3,10.8,6.9,387.5,16.7,336.8,85.3,13.5,6.9,401.0,20.9,401.0,co
Mumbai,2019-08-09,159.9,104.6,12.2,6.4,192.6,25.2,330.8,103.4,15.2,6.4,401.0,31.5,401.0,co
Mumbai,2019-08-10,19.3,83.2,11.1,4.3,162.6,16.5,32.2,83.2,13.9,4.3,401.0,20.6,401.0,co
Mumbai,2019-08-11,,,,,,,,,,,,,,
Mumbai,2019-08-12,15.6,76.9,10.8,4.3,348.1,17.2,26.0,76.9,13.5,4.3,401.0,21.5,401.0,co
Mumbai,2019-08-13,36.3,76.7,10.7,4.6,472.8,17.1,59.9,76.7,13.3,4.6,401.0,21.3,401.0,co
Mumbai,2019-08-14,39.7,88.6,15.2,249.0,480.0,32.1,65.7,88.6,19.1,308.4,401.0,40.1,401.0,co
Mumbai,2019-08-15,10.4,52.7,8.5,6.2,368.6,18.8,17.3,52.7,10.7,6.2,401.0,23.5,401.0,co
Mumbai,2019-08-16,15.4,93.9,11.6,6.7,311.4,17.2,25.7,93.9,14.5,6.7,401.0,21.5,401.0,co
Mumbai,2019-08-17,17.5,89.3,13.9,6.6,435.1,16.7,29.1,89.3,17.4,6.6,401.0,20.9,401.0,co
Mumbai,2019-08-18,13.8,77.0,13.1,6.4,426.2,16.8,23.0,77.0,16.4,6.4,401.0,21.0,401.0,co
Mumbai,2019-08-19,16.6,97.8,12.6,6.3,516.5,16.6,27.7,97.8,15.7,6.3,401.0,20.8,401.0,co
Mumbai,2019-08-20,16.4,102.6,15.5,6.3,439.2,16.3,27.4,102.1,19.3,6.3,401.0,20.4,401.0,co
Mumbai,2019-08-21,13.9,75.8,13.6,6.5,379.9,16.4,23.1,75.8,17.0,6.5,401.0,20.5,401.0,co
Mumbai,2019-08-22,13.9,76.4,15.1,6.2,449.0,16.4,23.1,76.4,18.9,6.2,401.0,20.5,401.0,co
Mumbai,2019-08-23,17.4,74.6,15.5,6.3,457.2,16.5,28.9,74.6,19.4,6.3,401.0,20.6,401.0,co
Mumbai,2019-08-24,19.6,65.3,13.8,6.6,473.7,16.8,32.7,65.3,17.3,6.6,401.0,21.0,401.0,co
Mumbai,2019-08-25,16.5,68.6,15.2,6.6,612.9,17.3,27.6,68.6,19.0,6.6,401.0,21.7,401.0,co
Mumbai,2019-08-26,14.6,48.6,8.2,6.4,569.7,17.6,24.3,48.6,10.2,6.4,401.0,22.0,401.0,co
Mumbai,2019-08-27,15.4,67.9,15.0,6.3,394.8,16.8,25.6,67.9,18.8,6.3,401.0,21.0,401.0,co
Mumbai,2019-08-28,17.0,57.5,14.0,6.5,418.1,16.6,28.4,57.5,17.5,6.5,401.0,20.8,401.0,co
Mumbai,2019-08-29,16.5,58.9,13.6,6.8,500.9,16.9,27.6,58.9,17.0,6.8,401.0,21.1,401.0,co
Mumbai,2019-08-30,15.5,57.0,13.8,6.7,447.6,17.0,25.8,57.0,17.2,6.7,401.0,21.3,401.0,co
Mumbai,2019-08-31,13.4,52.0,13.7,7.0,515.1,17.4,22.3,52.0,17.1,7.0,401.0,21.7,401.0,co
Mumbai,2019-09-01,17.3,50.3,12.5,6.9,906.0,17.7,28.9,,15.6,6.9,401.0,22.1,401.0,co
Mumbai,2019-09-02,12.2,40.6,10.8,6.5,752.0,17.0,20.4,40.6,13.5,6.5,401.0,21.3,401.0,co
Mumbai,2019-09-03,7.3,22.2,11.9,6.7,454.3,17.0,12.1,22.2,14.9,6.7,401.0,21.2,401.0,co
Mumbai,2019-09-04,8.6,20.8,10.7,6.4,477.1,16.9,14.3,20.8,13.4,6.4,401.0,21.2,401.0,co
Mumbai,2019-09-05,6.1,19.9,10.4,6.6,460.5,16.9,10.2,19.9,13.0,6.6,401.0,21.1,401.0,co
Mumbai,2019-09-06,8.2,33.5,16.5,5.8,380.7,16.6,13.7,33.5,20.6,5.8,401.0,20.7,401.0,co
Mumbai,2019-09-07,12.3,40.7,17.4,6.0,440.3,16.7,20.4,40.7,21.8,6.0,401.0,20.8,401.0,co
Mumbai,2019-09-08,11.0,35.9,16.7,6.7,539.2,16.7,18.3,35.9,20.9,6.7,401.0,20.8,401.0,co
Mumbai,2019-09-09,17.3,61.2,18.1,6.1,563.1,17.1,28.9,61.2,22.6,6.1,401.0,21.3,401.0,co
Mumbai,2019-09-10,,,,,,,,,,,,,,
Mumbai,2019-09-11,17.1,61.7,24.2,5.9,462.6,16.4,28.4,61.7,30.3,5.9,401.0,20.5,401.0,co
Mumbai,2019-09-12,12.0,40.5,21.2,241.4,424.2,15.4,19.9,40.5,26.6,306.9,401.0,19.3,401.0,co
Mumbai,2019-09-13,16.9,55.9,31.3,5.8,620.2,16.1,28.2,55.9,39.2,5.8,401.0,20.1,401.0,co
Mumbai,2019-09-14,15.7,99.3,26.7,10.0,520.8,16.4,26.2,99.3,33.4,10.0,401.0,20.5,401.0,co
Mumbai,2019-09-15,17.9,43.5,34.8,23.5,1168.6,15.9,29.9,43.5,43.5,23.5,401.0,19.9,401.0,co
Mumbai,2019-09-16,15.5,67.7,35.3,8.9,764.9,16.1,25.8,67.7,44.1,8.9,401.0,20.1,401.0,co
Mumbai,2019-09-17,39.7,82.7,31.0,233.9,996.1,16.2,65.8,82.7,38.8,305.6,401.0,20.2,401.0,co
Mumbai,2019-09-18,21.7,44.6,48.6,18.5,764.4,16.0,36.2,44.6,60.6,18.5,401.0,20.0,401.0,co
Mumbai,2019-09-19,25.3,47.3,45.7,31.0,737.8,15.6,42.2,47.3,56.8,31.0,401.0,19.5,401.0,co
Mumbai,2019-09-20,14.7,35.2,29.4,13.9,499.3,25.6,24.5,35.2,36.7,13.9,401.0,31.9,401.0,co
Mumbai,2019-09-21,12.0,38.7,24.8,22.6,344.6,17.3,20.0,38.7,31.0,22.6,401.0,21.7,401.0,co
Mumbai,2019-09-22,18.4,54.7,28.4,,,6.0,30.7,54.7,35.5,,,7.4,54.7,pm10
Mumbai,2019-09-23,17.1,75.7,6.3,8.9,471.8,6.1,28.5,75.7,7.9,8.9,401.0,7.6,401.0,co
Mumbai,2019-09-24,40.4,77.9,19.3,260.3,784.1,6.3,66.9,77.9,24.1,310.4,401.0,7.8,401.0,co
Mumbai,2019-09-25,24.7,58.5,44.0,16.8,929.2,6.7,41.2,58.5,54.7,16.8,401.0,8.3,401.0,co
Mumbai,2019-09-26,15.6,34.8,27.2,28.4,630.8,5.7,26.0,34.8,34.1,28.4,401.0,7.2,401.0,co
Mumbai,2019-09-27,11.3,34.1,19.6,12.8,342.2,5.6,18.8,34.1,24.5,12.8,401.0,7.0,401.0,co
Mumbai,2019-09-28,12.6,42.6,14.4,14.7,351.2,5.7,21.0,42.6,18.1,14.7,401.0,7.1,401.0,co
Mumbai,2019-09-29,12.6,39.0,15.2,14.8,396.2,5.6,21.0,39.0,19.0,14.8,401.0,7.0,401.0,co
Mumbai,2019-09-30,13.6,65.0,16.9,132.5,547.4,6.4,22.7,65.0,21.1,147.6,401.0,8.0,401.0,co
Mumbai,2019-10-01,17.0,89.5,18.1,6.1,577.0,6.7,28.3,89.5,22.7,6.1,401.0,8.3,401.0,co
Mumbai,2019-10-02,20.6,83.5,22.4,15.1,619.0,6.3,34.3,83.5,28.0,15.1,401.0,7.8,401.0,co
Mumbai,2019-10-03,26.2,75.2,27.8,21.7,736.9,6.0,43.7,75.2,34.7,21.7,401.0,7.5,401.0,co
Mumbai,2019-10-04,31.6,89.6,37.4,23.7,971.2,6.8,52.1,89.6,46.8,23.7,401.0,8.6,401.0,co
Mumbai,2019-10-05,38.7,104.6,41.8,45.0,879.5,7.0,64.1,103.4,52.0,45.0,401.0,8.7,401.0,co
Mumbai,2019-10-06,46.4,110.1,50.5,57.7,854.7,8.0,77.1,107.0,62.9,57.7,401.0,10.1,401.0,co
Mumbai,2019-10-07,60.5,132.5,42.8,64.3,835.7,8.8,,122.0,53.2,64.3,401.0,11.1,401.0,co
Mumbai,2019-10-08,147.4,131.5,49.6,,380.8,9.2,321.2,121.3,61.8,,401.0,11.4,401.0,co
Mumbai,2019-10-09,63.0,80.3,51.4,42.1,655.1,9.3,107.7,80.3,64.1,42.1,401.0,11.7,401.0,co
Mumbai,2019-10-10,,,,,,,,,,,,,,
Mumbai,2019-10-11,94.8,157.5,72.4,255.4,1214.9,27.2,214.1,138.5,90.4,309.5,401.0,33.9,401.0,co
Mumbai,2019-10-12,69.4,129.1,63.8,105.5,1042.4,11.7,129.8,119.7,79.7,107.7,401.0,14.7,401.0,co
Mumbai,2019-10-13,55.7,133.4,54.3,85.5,1009.0,12.5,92.7,122.5,67.7,85.5,401.0,15.6,401.0,co
Mumbai,2019-10-14,54.6,145.5,46.2,85.4,1106.0,13.1,90.9,130.5,57.5,85.4,401.0,16.4,401.0,co
Mumbai,2019-10-15,55.1,146.1,41.4,95.8,1231.9,16.0,91.8,130.9,51.6,95.8,401.0,19.9,401.0,co
Mumbai,2019-10-16,50.3,148.3,37.9,92.0,1144.4,15.6,83.7,132.4,47.4,92.0,401.0,19.5,401.0,co
Mumbai,2019-10-17,70.1,186.2,60.6,112.6,1189.0,15.5,132.1,157.6,75.6,118.2,401.0,19.4,401.0,co
Mumbai,2019-10-18,57.7,218.9,52.1,34.9,1042.5,18.1,96.1,179.4,65.0,34.9,401.0,22.6,401.0,co
Mumbai,2019-10-19,28.7,75.1,31.7,13.2,861.0,26.5,47.8,75.1,39.7,13.2,401.0,33.1,401.0,co
Mumbai,2019-10-20,18.3,39.9,33.1,28.1,875.0,13.9,30.5,39.9,41.4,28.1,401.0,17.4,401.0,co
Mumbai,2019-10-21,99.3,51.6,28.2,55.5,735.8,12.0,229.5,51.6,35.2,55.5,401.0,15.0,401.0,co
Mumbai,2019-10-22,28.7,116.0,43.5,38.4,688.8,12.9,47.8,111.0,54.1,38.4,401.0,16.2,401.0,co
Mumbai,2019-10-23,22.6,61.5,30.7,5.0,857.1,13.6,37.7,61.5,38.4,5.0,401.0,17.0,401.0,co
Mumbai,2019-10-24,34.6,81.3,38.7,25.7,875.3,15.7,57.0,81.3,48.4,25.7,401.0,19.7,401.0,co
Mumbai,2019-10-25,19.2,57.1,24.0,24.8,632.5,13.6,31.9,57.1,30.0,24.8,401.0,17.0,401.0,co
Mumbai,2019-10-26,53.0,112.2,25.2,17.8,1602.6,14.5,88.1,108.4,31.5,17.8,401.0,18.1,401.0,co
Mumbai,2019-10-27,413.1,90.0,34.5,33.5,1206.0,13.3,401.0,90.0,43.1,33.5,401.0,16.6,401.0,co
Mumbai,2019-10-28,178.1,154.1,27.2,52.7,903.8,13.4,344.8,136.3,34.0,52.7,401.0,16.7,401.0,co
Mumbai,2019-10-29,64.1,141.7,39.4,75.2,926.3,14.2,111.7,128.1,49.3,75.2,401.0,17.8,401.0,co
Mumbai,2019-10-30,26.0,72.8,17.6,,731.2,16.5,43.3,72.8,22.0,,401.0,20.6,401.0,co
Mumbai,2019-10-31,,,,,,,,,,,,,,
Mumbai,2019-11-01,,,,,,,,,,,,,,
Mumbai,2019-11-02,,,,,,,,,,,,,,
Mumbai,2019-11-03,,,,,,,,,,,,,,
Mumbai,2019-11-04,,,,,,,,,,,,,,
Mumbai,2019-11-05,,,,,,,,,,,,,,
Mumbai,2019-11-06,,,,,,,,,,,,,,
Mumbai,2019-11-07,,,,,,,,,,,,,,
Mumbai,2019-11-08,,,,,,,,,,,,,,
Mumbai,2019-11-09,,,,,,,,,,,,,,
Mumbai,2019-11-10,,,,,,,,,,,,,,
Mumbai,2019-11-11,78.2,180.5,61.4,60.4,1317.0,27.0,159.6,153.8,76.7,60.4,401.0,33.7,401.0,co
Mumbai,2019-11-12,78.9,162.9,75.8,98.6,1017.2,26.7,162.0,142.1,94.7,98.6,401.0,33.4,401.0,co
Mumbai,2019-11-13,70.7,152.7,65.0,94.3,1176.5,17.3,134.1,135.3,81.1,94.3,401.0,21.6,401.0,co
Mumbai,2019-11-14,101.5,202.2,64.6,73.8,1164.9,11.7,236.9,168.2,80.7,73.8,401.0,14.6,401.0,co
Mumbai,2019-11-15,81.1,211.1,81.1,27.1,1308.0,12.8,169.6,174.2,101.1,27.1,401.0,16.1,401.0,co
Mumbai,2019-11-16,82.2,163.6,49.2,61.3,1048.2,25.8,173.3,142.6,61.3,61.3,401.0,32.2,401.0,co
Mumbai,2019-11-17,75.1,184.8,39.9,83.6,771.7,55.6,149.0,156.6,49.8,83.6,401.0,69.3,401.0,co
Mumbai,2019-11-18,86.7,157.9,53.5,108.8,1449.6,210.8,188.8,138.8,66.7,112.5,401.0,144.0,401.0,co
Mumbai,2019-11-19,93.9,237.7,70.9,85.9,1488.5,238.0,210.8,191.8,88.6,85.9,401.0,153.0,401.0,co
Mumbai,2019-11-20,104.7,226.1,70.1,,2194.5,5.0,247.9,184.1,87.5,,401.0,6.2,401.0,co
Mumbai,2019-11-21,98.7,211.3,70.4,18.6,1537.8,46.2,227.5,174.3,87.9,18.6,401.0,57.5,401.0,co
Mumbai,2019-11-22,119.0,221.6,66.9,100.5,1446.7,9.8,296.7,181.1,83.6,,401.0,12.2,401.0,co
Mumbai,2019-11-23,98.1,197.2,64.0,23.6,1394.3,8.2,225.4,164.9,79.9,23.6,401.0,10.3,401.0,co
Mumbai,2019-11-24,89.6,170.0,67.6,62.4,995.6,15.0,198.6,146.8,84.4,62.4,401.0,18.7,401.0,co
Mumbai,2019-11-25,97.6,221.6,86.3,123.4,1597.7,14.1,223.6,181.1,106.3,134.1,401.0,17.6,401.0,co
Mumbai,2019-11-26,89.5,196.7,76.9,95.2,1458.7,15.8,198.2,164.6,96.1,95.2,401.0,19.8,401.0,co
Mumbai,2019-11-27,74.2,175.6,69.8,77.8,1412.4,12.1,146.0,150.6,87.2,77.8,401.0,15.2,401.0,co
Mumbai,2019-11-28,84.6,189.6,97.5,101.8,1726.1,16.3,181.5,159.9,117.5,102.2,401.0,20.4,401.0,co
Mumbai,2019-11-29,90.3,234.7,79.0,93.2,1720.5,16.9,,189.9,98.7,93.2,401.0,21.1,401.0,co
Mumbai,2019-11-30,91.1,195.9,85.6,74.6,1303.6,20.7,201.2,164.0,105.6,74.6,401.0,25.9,401.0,co
Mumbai,2019-12-01,95.8,178.3,67.7,72.8,1082.9,46.1,217.4,152.4,84.5,72.8,401.0,57.4,401.0,co
Mumbai,2019-12-02,62.0,178.8,44.7,17.1,719.3,63.2,104.5,152.7,55.7,17.1,401.0,79.0,401.0,co
Mumbai,2019-12-03,38.9,114.6,57.8,53.4,781.2,180.1,64.4,110.1,72.1,53.4,401.0,133.8,401.0,co
Mumbai,2019-12-04,54.4,135.6,56.0,87.9,589.6,75.3,90.5,124.0,69.9,87.9,401.0,94.1,401.0,co
Mumbai,2019-12-05,101.0,165.0,68.0,21.0,1267.1,104.9,235.1,143.5,84.9,21.0,401.0,108.9,401.0,co
Mumbai,2019-12-06,81.8,169.2,52.8,31.0,912.5,93.7,171.9,146.3,65.8,31.0,401.0,105.2,401.0,co
Mumbai,2019-12-07,99.1,207.9,35.3,110.0,733.9,95.5,228.6,172.0,44.1,114.3,401.0,105.8,401.0,co
Mumbai,2019-12-08,100.0,200.9,74.9,115.3,1508.3,88.8,231.8,167.4,93.6,122.1,401.0,103.6,401.0,co
Mumbai,2019-12-09,,,,,,,,,,,,,,
Mumbai,2019-12-10,86.9,183.0,80.9,90.2,1464.3,78.4,189.4,155.5,,90.2,401.0,98.0,401.0,co
Mumbai,2019-12-11,109.7,229.8,87.3,57.4,1986.8,111.2,265.0,186.6,107.3,57.4,401.0,111.0,401.0,co
Mumbai,2019-12-12,103.3,223.7,76.9,78.4,2020.7,141.6,243.1,182.5,96.1,78.4,401.0,121.1,401.0,co
Mumbai,2019-12-13,57.9,136.2,52.7,80.8,1237.2,148.9,96.5,124.4,65.7,80.8,401.0,123.5,401.0,co
Mumbai,2019-12-14,71.5,179.5,68.9,76.8,1194.8,157.6,136.9,153.2,86.0,76.8,401.0,126.4,401.0,co
Mumbai,2019-12-15,91.0,205.4,74.0,78.5,1670.6,179.1,,170.4,92.5,78.5,401.0,133.5,401.0,co
Mumbai,2019-12-16,89.4,190.3,58.3,83.6,1526.2,215.3,198.1,160.3,72.8,83.6,401.0,145.5,401.0,co
Mumbai,2019-12-17,79.8,172.3,49.3,96.9,1609.7,226.4,165.1,148.4,61.5,96.9,401.0,149.1,401.0,co
Mumbai,2019-12-18,83.5,176.9,58.4,96.5,1472.9,219.8,177.9,151.4,72.8,96.5,401.0,146.9,401.0,co
Mumbai,2019-12-19,83.0,181.5,64.4,89.5,1509.7,212.6,176.1,154.5,80.4,89.5,401.0,144.6,401.0,co
Mumbai,2019-12-20,107.7,219.7,96.9,80.4,1752.6,271.0,258.1,179.9,116.9,80.4,401.0,163.9,401.0,co
Mumbai,2019-12-21,105.2,214.8,74.0,94.8,1798.8,286.1,249.6,176.6,92.4,94.8,401.0,168.9,401.0,co
Mumbai,2019-12-22,101.2,193.7,69.1,94.5,904.0,249.2,236.0,162.6,86.4,94.5,401.0,156.7,401.0,co
Mumbai,2019-12-23,114.9,226.8,76.0,65.8,1629.6,235.3,282.5,184.6,94.9,65.8,401.0,152.1,401.0,co
Mumbai,2019-12-24,133.0,251.7,86.1,26.0,1608.1,164.7,310.2,201.7,106.1,26.0,401.0,128.7,401.0,co
Mumbai,2019-12-25,153.2,259.0,69.4,65.5,1576.1,61.8,325.7,209.0,86.6,65.5,401.0,77.1,401.0,co
Mumbai,2019-12-26,100.5,203.9,70.3,83.0,1544.4,29.8,233.3,169.4,87.8,83.0,401.0,37.3,401.0,co
Mumbai,2019-12-27,91.4,174.6,61.7,72.5,1441.9,6.9,202.5,149.9,77.0,72.5,401.0,8.7,401.0,co
Mumbai,2019-12-28,86.6,171.8,55.4,80.7,1339.9,9.1,188.3,148.0,69.0,80.7,401.0,11.4,401.0,co
Mumbai,2019-12-29,88.7,173.1,63.0,76.1,782.4,11.0,195.4,148.9,78.6,76.1,401.0,13.7,401.0,co
Mumbai,2019-12-30,89.5,179.0,67.8,89.7,1050.4,8.3,198.3,152.8,84.7,89.7,401.0,10.4,401.0,co
Mumbai,2019-12-31,92.0,214.7,73.8,87.0,978.3,13.5,204.3,176.6,92.2,87.0,401.0,16.8,401.0,co
Mumbai,2020-01-01,128.8,220.4,70.6,116.8,1527.2,12.6,307.0,180.3,88.2,124.4,401.0,15.8,401.0,co
Mumbai,2020-01-02,124.5,209.8,74.9,64.6,1142.2,7.5,303.7,173.3,93.5,64.6,401.0,9.4,401.0,co
Mumbai,2020-01-03,99.8,205.0,45.8,108.5,397.2,10.8,231.2,170.1,57.1,112.1,401.0,13.5,401.0,co
Mumbai,2020-01-04,115.7,204.2,70.7,97.2,1290.0,10.4,285.2,169.6,88.3,97.2,401.0,13.0,401.0,co
Mumbai,2020-01-05,78.3,167.9,47.2,92.8,1199.6,10.3,160.0,145.4,58.7,92.8,401.0,12.9,401.0,co
Mumbai,2020-01-06,87.3,225.2,75.2,108.0,1756.2,32.6,190.7,183.6,93.9,111.3,401.0,40.7,401.0,co
Mumbai,2020-01-07,106.2,198.2,75.8,75.4,1640.7,5.6,252.9,165.6,94.7,75.4,401.0,7.0,401.0,co
Mumbai,2020-01-08,,,,,,,,,,,,,,
Mumbai,2020-01-09,59.1,149.4,46.1,1201.9,1382.6,10.7,98.5,133.1,57.4,401.0,401.0,13.4,401.0,co
Mumbai,2020-01-10,198.5,173.3,52.1,75.0,2084.9,16.1,360.5,149.0,65.0,75.0,401.0,20.2,401.0,co
Mumbai,2020-01-11,178.3,212.1,68.7,72.7,3003.3,18.4,344.9,174.8,85.8,72.7,401.0,23.1,401.0,co
Mumbai,2020-01-12,68.8,121.7,49.8,70.2,3156.7,16.3,127.8,114.8,62.1,70.2,401.0,20.4,401.0,co
Mumbai,2020-01-13,82.2,87.5,35.2,45.8,1405.9,11.3,173.3,87.5,44.1,45.8,401.0,14.1,401.0,co
Mumbai,2020-01-14,31.7,87.0,34.9,57.5,1141.3,9.9,52.1,87.0,43.6,57.5,401.0,12.3,401.0,co
Mumbai,2020-01-15,33.7,82.2,35.9,62.1,1175.1,8.7,55.6,82.2,44.9,62.1,401.0,10.9,401.0,co
Mumbai,2020-01-16,37.3,82.6,35.9,60.8,1225.9,7.3,61.6,82.6,44.9,60.8,401.0,9.1,401.0,co
Mumbai,2020-01-17,71.4,124.1,49.2,72.6,1483.0,7.2,136.5,116.4,61.3,72.6,401.0,9.0,401.0,co
Mumbai,2020-01-18,91.6,177.7,63.5,69.9,2431.7,10.6,203.1,151.9,79.3,69.9,401.0,13.3,401.0,co
Mumbai,2020-01-19,86.4,169.6,69.5,91.3,2444.2,11.9,187.6,146.6,86.8,91.3,401.0,14.9,401.0,co
Mumbai,2020-01-20,90.4,171.5,66.6,103.2,2973.8,14.9,,147.8,83.2,104.3,401.0,18.6,401.0,co
Mumbai,2020-01-21,79.2,191.5,56.8,66.6,3341.9,16.3,163.2,161.1,70.8,66.6,401.0,20.3,401.0,co
Mumbai,2020-01-22,81.8,183.1,58.3,72.0,3174.3,17.5,172.1,155.6,72.7,72.0,401.0,21.9,401.0,co
Mumbai,2020-01-23,77.3,150.8,53.7,76.4,2522.3,16.5,156.7,134.1,67.0,76.4,401.0,20.6,401.0,co
Mumbai,2020-01-24,70.7,155.6,52.3,74.0,2574.4,15.0,134.0,137.3,65.1,74.0,401.0,18.8,401.0,co
Mumbai,2020-01-25,94.2,189.2,61.3,87.6,2796.9,15.9,212.1,159.6,76.5,87.6,401.0,19.8,401.0,co
Mumbai,2020-01-26,92.0,181.0,58.7,98.5,2834.4,15.1,204.3,154.1,73.2,98.5,401.0,18.9,401.0,co
Mumbai,2020-01-27,34.2,98.8,32.5,18717.7,1714.7,9.8,56.5,98.8,40.6,401.0,401.0,12.3,401.0,o3
Mumbai,2020-01-28,23.6,75.0,20.5,31373.0,1309.2,3.6,39.3,75.0,25.6,401.0,401.0,4.5,401.0,o3
Mumbai,2020-01-29,28.6,97.5,22.5,52.7,1308.6,1.6,47.6,97.5,28.1,52.7,401.0,2.0,401.0,co
Mumbai,2020-01-30,60.3,123.9,35.1,76.7,1693.3,5.3,,116.2,43.9,76.7,401.0,6.6,401.0,co
Mumbai,2020-01-31,69.7,158.8,39.7,65.3,2027.2,6.7,130.8,139.4,49.7,65.3,401.0,8.4,401.0,co
Mumbai,2020-02-01,84.0,191.4,39.6,82.1,2837.1,6.9,179.6,161.1,49.5,82.1,401.0,8.6,401.0,co
Mumbai,2020-02-02,76.0,151.2,39.8,71.1,2720.6,6.1,152.3,134.3,49.8,71.1,401.0,7.7,401.0,co
Mumbai,2020-02-03,74.8,138.1,34.2,61.8,2416.2,3.7,148.0,125.6,42.7,61.8,401.0,4.6,401.0,co
Mumbai,2020-02-04,81.8,211.5,68.0,129.4,1321.1,7.9,172.1,174.4,85.0,142.9,401.0,9.8,401.0,co
Mumbai,2020-02-05,65.8,142.4,41.8,76.9,1984.8,7.3,117.4,128.5,52.0,76.9,401.0,9.1,401.0,co
Mumbai,2020-02-06,50.4,125.1,33.5,85.5,1868.6,6.1,83.8,117.0,41.9,85.5,401.0,7.7,401.0,co
Mumbai,2020-02-07,,,,,,,,,,,,,,
Mumbai,2020-02-08,70.6,132.9,26.8,79.6,1746.5,6.1,133.9,122.2,33.5,79.6,401.0,7.6,401.0,co
Mumbai,2020-02-09,67.5,111.3,21.4,69.5,1650.7,7.7,123.1,107.9,26.8,69.5,401.0,9.7,401.0,co
Mumbai,2020-02-10,54.7,105.3,26.2,63.9,1722.6,6.8,91.0,103.9,32.7,63.9,401.0,8.4,401.0,co
Mumbai,2020-02-11,77.6,138.8,32.5,67.9,2208.2,14.0,157.5,126.1,40.7,67.9,401.0,17.5,401.0,co
Mumbai,2020-02-12,70.7,130.4,84.0,132.5,2209.9,7.8,134.1,120.5,104.0,147.6,401.0,9.8,401.0,co
Mumbai,2020-02-13,65.1,159.2,92.0,182.6,1958.5,9.9,115.0,139.7,112.0,235.4,401.0,12.4,401.0,co
Mumbai,2020-02-14,65.6,145.5,77.7,200.7,1625.2,10.6,116.7,130.6,97.1,281.4,401.0,13.2,401.0,co
Mumbai,2020-02-15,78.5,189.2,52.0,91.7,1661.4,15.7,160.7,159.6,64.8,91.7,401.0,19.6,401.0,co
Mumbai,2020-02-16,90.0,247.6,75.0,133.8,2321.6,13.6,199.9,198.4,93.7,149.4,401.0,17.0,401.0,co
Mumbai,2020-02-17,103.4,269.8,97.6,111.0,2636.8,31.3,243.3,219.8,117.6,115.7,401.0,39.1,401.0,co
Mumbai,2020-02-18,101.5,251.6,112.9,125.2,2426.2,42.2,236.9,201.6,132.9,136.7,401.0,52.5,401.0,co
Mumbai,2020-02-19,81.5,221.4,83.8,107.3,2444.9,23.7,171.1,181.0,103.8,110.3,401.0,29.6,401.0,co
Mumbai,2020-02-20,56.8,155.8,69.4,75.7,2015.0,17.1,94.7,137.4,86.7,75.7,401.0,21.4,401.0,co
Mumbai,2020-02-21,43.6,138.6,67.1,66.1,1414.4,15.3,72.2,126.0,83.8,66.1,401.0,19.1,401.0,co
Mumbai,2020-02-22,81.7,225.1,96.5,98.2,2204.1,19.5,171.8,183.4,116.5,98.2,401.0,24.3,401.0,co
Mumbai,2020-02-23,73.9,216.9,87.1,109.5,2319.2,19.2,144.9,178.0,107.1,113.5,401.0,24.0,401.0,co
Mumbai,2020-02-24,86.7,223.9,102.0,104.8,2141.2,19.9,188.8,182.6,122.0,106.7,401.0,24.9,401.0,co
Mumbai,2020-02-25,46.6,171.0,78.6,90.9,1843.8,19.0,77.3,147.5,98.3,90.9,401.0,23.8,401.0,co
Mumbai,2020-02-26,46.5,180.4,84.8,113.0,1579.8,19.8,77.3,153.8,104.8,118.8,401.0,24.7,401.0,co
Mumbai,2020-02-27,61.1,220.0,125.3,133.3,2601.6,22.6,101.3,180.1,145.3,148.7,401.0,28.2,401.0,co
Mumbai,2020-02-28,78.1,241.9,130.0,116.7,3145.9,25.4,159.4,194.6,150.0,124.2,401.0,31.7,401.0,co
Mumbai,2020-02-29,55.2,188.5,79.0,50.1,2609.5,28.9,91.9,159.2,98.8,,401.0,36.1,401.0,co
Mumbai,2020-03-01,40.5,138.8,49.3,43.1,1491.5,29.6,67.1,126.1,61.4,43.1,401.0,37.0,401.0,co
Mumbai,2020-03-02,55.4,217.6,60.6,25.6,1672.1,46.3,92.2,178.5,75.7,25.6,401.0,57.7,401.0,co
Mumbai,2020-03-03,38.7,150.7,50.6,56.2,457.3,43.1,64.0,134.0,63.1,56.2,401.0,53.7,401.0,co
Mumbai,2020-03-04,33.3,136.4,40.8,31.9,936.2,38.7,54.8,124.5,,31.9,401.0,48.3,401.0,co
Mumbai,2020-03-05,22.2,125.4,38.7,39.4,654.9,38.6,37.1,117.2,48.3,39.4,401.0,48.2,401.0,co
Mumbai,2020-03-06,19.5,117.9,30.1,32.7,689.0,24.1,32.5,112.2,37.6,32.7,401.0,30.1,401.0,co
Mumbai,2020-03-07,21.7,152.6,44.3,43.6,878.1,8.2,36.1,135.3,55.2,43.6,401.0,10.2,401.0,co
Mumbai,2020-03-08,,,,,,,,,,,,,,
Mumbai,2020-03-09,74.7,187.7,49.9,49.0,1694.2,17.4,147.8,158.6,62.2,49.0,401.0,21.7,401.0,co
Mumbai,2020-03-10,29.6,90.5,31.7,43.5,1890.9,22.4,49.3,90.5,39.6,43.5,401.0,28.0,401.0,co
Mumbai,2020-03-11,17.9,87.6,34.7,44.1,726.6,22.9,29.8,87.6,43.4,44.1,401.0,28.6,401.0,co
Mumbai,2020-03-12,17.8,88.8,39.5,41.1,823.6,14.3,29.7,88.8,49.4,41.1,401.0,17.9,401.0,co
Mumbai,2020-03-13,28.9,133.7,40.3,67.9,788.9,9.3,48.2,122.7,,67.9,401.0,11.7,401.0,co
Mumbai,2020-03-14,44.7,187.3,61.0,82.6,1860.3,12.0,74.2,158.3,76.1,82.6,401.0,15.0,401.0,co
Mumbai,2020-03-15,58.4,226.0,78.9,109.0,2664.0,15.4,97.3,184.0,98.7,112.8,401.0,19.3,401.0,co
Mumbai,2020-03-16,66.6,257.9,115.7,106.2,2815.2,19.0,120.1,207.9,135.7,108.6,401.0,23.8,401.0,co
Mumbai,2020-03-17,77.0,254.7,102.1,98.0,3491.7,269.7,155.6,204.7,122.1,98.0,401.0,163.5,401.0,co
Mumbai,2020-03-18,48.0,165.0,68.9,63.0,2125.9,110.3,79.7,143.5,86.0,63.0,401.0,110.7,401.0,co
Mumbai,2020-03-19,30.4,129.5,48.5,54.5,1079.5,27.3,,119.9,60.4,54.5,401.0,34.2,401.0,co
Mumbai,2020-03-20,21.1,95.3,33.4,31.9,899.9,26.0,35.2,95.3,41.8,31.9,401.0,32.4,401.0,co
Mumbai,2020-03-21,22.5,82.5,29.8,43.9,592.9,32.1,37.5,82.5,37.2,43.9,401.0,40.1,401.0,co
Mumbai,2020-03-22,20.1,60.7,16.2,34.3,506.0,30.1,33.5,60.7,20.3,34.3,401.0,37.6,401.0,co
Mumbai,2020-03-23,29.2,72.7,23.4,45.8,550.4,27.3,48.7,72.7,29.3,45.8,401.0,34.1,401.0,co
Mumbai,2020-03-24,37.8,113.2,25.6,64.3,821.6,16.9,62.4,109.1,32.0,64.3,401.0,21.1,401.0,co
Mumbai,2020-03-25,29.0,77.1,20.1,42.2,722.0,13.3,48.4,77.1,25.2,42.2,401.0,16.6,401.0,co
Mumbai,2020-03-26,22.6,59.4,14.8,48.6,428.0,16.9,37.7,59.4,18.5,48.6,401.0,21.1,401.0,co
Mumbai,2020-03-27,26.5,68.5,14.8,49.0,494.8,11.4,44.1,68.5,18.6,49.0,401.0,14.3,401.0,co
Mumbai,2020-03-28,24.1,68.7,15.3,64.8,636.3,12.8,40.1,68.7,19.1,64.8,401.0,16.0,401.0,co
Mumbai,2020-03-29,27.8,78.3,15.3,75.6,593.6,13.9,46.3,78.3,19.1,75.6,401.0,17.4,401.0,co
Mumbai,2020-03-30,27.9,78.4,13.8,52.8,681.4,12.1,46.5,78.4,17.3,52.8,401.0,15.2,401.0,co
Mumbai,2020-03-31,86.3,59.7,9.6,46.6,705.4,10.8,187.2,59.7,12.0,46.6,401.0,13.5,401.0,co
Mumbai,2020-04-01,341.9,69.1,10.2,40.8,513.2,10.7,401.0,69.1,12.8,40.8,401.0,13.3,401.0,co
Mumbai,2020-04-02,523.2,83.3,9.7,54.3,470.6,9.7,401.0,83.3,12.1,54.3,401.0,12.2,401.0,co
Mumbai,2020-04-03,662.6,84.5,8.5,33.0,456.3,9.0,401.0,84.5,10.7,33.0,401.0,11.3,401.0,co
Mumbai,2020-04-04,662.1,78.6,10.2,28.8,502.9,8.9,401.0,78.6,12.8,28.8,401.0,11.1,401.0,co
Mumbai,2020-04-05,663.3,76.2,9.6,33.1,522.4,8.6,401.0,76.2,12.0,33.1,401.0,10.7,401.0,co
Mumbai,2020-04-06,661.9,61.5,6.2,15.7,436.9,9.8,401.0,61.5,7.7,15.7,401.0,12.3,401.0,pm25
Mumbai,2020-04-07,,,,,,,,,,,,,,
Mumbai,2020-04-08,663.8,96.1,6.2,0.1,946.0,10.8,401.0,96.1,7.7,0.1,401.0,13.4,401.0,co
Mumbai,2020-04-09,662.8,88.4,6.2,13.8,358.5,15.2,401.0,88.4,7.8,13.8,401.0,19.0,401.0,pm25
Mumbai,2020-04-10,662.3,81.2,5.4,21.4,375.3,15.7,401.0,81.2,6.8,21.4,401.0,19.6,401.0,pm25
Mumbai,2020-04-11,662.6,86.6,6.1,22.7,499.6,13.2,401.0,86.6,7.6,22.7,401.0,16.5,401.0,co
Mumbai,2020-04-12,662.6,74.9,6.0,17.6,470.6,11.2,401.0,74.9,7.5,17.6,401.0,14.0,401.0,co
Mumbai,2020-04-13,662.9,72.8,5.0,15.4,412.6,9.9,401.0,72.8,6.3,15.4,401.0,12.4,401.0,pm25
Mumbai,2020-04-14,663.3,76.3,6.1,13.7,486.0,10.1,401.0,76.3,7.6,13.7,401.0,12.6,401.0,co
Mumbai,2020-04-15,662.5,64.4,5.5,14.1,586.4,10.4,401.0,64.4,6.8,14.1,401.0,13.0,401.0,co
Mumbai,2020-04-16,661.8,57.2,5.4,10.8,388.4,9.8,401.0,57.2,6.8,10.8,401.0,12.3,401.0,pm25
Mumbai,2020-04-17,661.4,54.0,3.6,0.0,954.0,9.2,401.0,54.0,4.4,0.0,401.0,11.5,401.0,co
Mumbai,2020-04-18,661.5,60.0,4.8,10.4,323.7,9.2,401.0,60.0,6.0,10.4,401.0,11.5,401.0,pm25
Mumbai,2020-04-19,662.1,65.1,5.3,13.6,466.6,10.0,401.0,65.1,6.7,13.6,401.0,12.5,401.0,co
Mumbai,2020-04-20,662.6,77.5,10.4,13.0,494.1,10.9,401.0,77.5,13.0,13.0,401.0,13.7,401.0,co
Mumbai,2020-04-21,661.6,57.4,5.1,11.4,506.0,10.4,401.0,57.4,6.3,11.4,401.0,13.0,401.0,co
Mumbai,2020-04-22,663.3,67.1,3.1,11.1,346.1,11.5,401.0,67.1,3.8,11.1,401.0,14.4,401.0,pm25
Mumbai,2020-04-23,663.6,58.2,4.1,,681.7,14.7,401.0,58.2,5.2,,401.0,18.4,401.0,co
Mumbai,2020-04-24,664.2,56.0,2.8,,1157.1,16.0,401.0,56.0,3.5,,401.0,19.9,401.0,co
Mumbai,2020-04-25,32.6,57.7,,,,60.0,53.7,57.7,,,,74.9,74.9,so2
Mumbai,2020-04-26,664.2,53.0,3.4,,1107.5,23.6,401.0,53.0,4.2,,401.0,29.5,401.0,co
Mumbai,2020-04-27,664.0,46.0,3.5,23.2,345.4,23.2,401.0,46.0,4.3,23.2,401.0,29.0,401.0,pm25
Mumbai,2020-04-28,665.7,60.2,4.2,32.6,376.3,23.7,401.0,60.2,5.3,32.6,401.0,29.7,401.0,pm25
Mumbai,2020-04-29,664.2,60.5,2.1,189.9,523.9,25.0,401.0,60.5,2.7,254.0,401.0,31.3,401.0,co
Mumbai,2020-04-30,666.2,59.2,2.1,,376.7,25.0,401.0,59.2,2.6,,401.0,31.3,401.0,pm25
Mumbai,2020-05-01,665.1,44.2,0.8,,342.2,23.8,401.0,44.2,1.0,,401.0,29.7,401.0,pm25
Mumbai,2020-05-02,664.7,65.6,1.7,,365.7,25.5,401.0,65.6,2.2,,401.0,31.8,401.0,pm25
Mumbai,2020-05-03,664.5,565.5,0.0,,939.7,25.9,401.0,401.0,0.0,,401.0,32.4,401.0,co
Mumbai,2020-05-04,437.9,544.9,2.0,,1016.7,27.6,401.0,401.0,2.4,,401.0,34.5,401.0,co
Mumbai,2020-05-05,15.1,57.8,4.7,,,35.0,25.1,57.8,5.9,,,43.8,57.8,pm10
Mumbai,2020-05-06,12.9,66.9,5.0,,,40.9,21.5,66.9,6.2,,,,66.9,pm10
Mumbai,2020-05-07,,,,,,,,,,,,,,
Mumbai,2020-05-08,18.9,64.1,8.3,12.8,407.3,53.2,31.5,64.1,10.4,12.8,401.0,66.4,401.0,co
Mumbai,2020-05-09,16.9,68.3,9.6,,,62.1,28.2,68.3,12.1,,,77.5,77.5,so2
Mumbai,2020-05-10,11.3,58.4,4.8,16.6,212.1,56.9,18.8,58.4,6.0,16.6,401.0,70.9,401.0,co
Mumbai,2020-05-11,17.4,60.7,7.8,17.3,295.4,59.5,28.9,60.7,9.7,17.3,401.0,74.3,401.0,co
Mumbai,2020-05-12,18.4,60.9,8.7,19.0,298.2,73.3,30.7,60.9,10.8,19.0,401.0,91.5,401.0,co
Mumbai,2020-05-13,16.8,56.8,11.8,,,40.9,28.0,56.8,14.8,,,,56.8,pm10
Mumbai,2020-05-14,17.1,76.5,6.8,13.2,428.8,22.9,28.5,76.5,8.5,13.2,401.0,28.6,401.0,co
Mumbai,2020-05-15,18.1,81.1,5.0,15.0,330.1,19.7,30.1,81.1,6.3,15.0,401.0,24.6,401.0,co
Mumbai,2020-05-16,44.8,142.2,7.2,16.8,329.2,18.3,74.4,128.4,8.9,16.8,401.0,22.9,401.0,co
Mumbai,2020-05-17,18.8,116.2,6.1,26.9,198.8,30.4,31.3,111.1,7.6,26.9,401.0,38.0,401.0,co
Mumbai,2020-05-18,21.8,232.0,5.0,17.8,315.6,54.0,36.4,188.1,6.3,17.8,401.0,67.3,401.0,co
Mumbai,2020-05-19,15.8,227.8,13.4,10.5,583.6,80.5,26.4,185.3,16.7,10.5,401.0,,401.0,co
Mumbai,2020-05-20,22.7,65.6,5.4,10.5,582.1,44.5,37.8,65.6,6.8,10.5,401.0,55.4,401.0,co
Mumbai,2020-05-21,23.8,58.6,10.5,10.5,575.5,18.6,39.7,58.6,13.1,10.5,401.0,23.2,401.0,co
Mumbai,2020-05-22,20.4,54.8,7.4,10.5,592.5,16.2,34.0,54.8,9.2,10.5,401.0,20.3,401.0,co
Mumbai,2020-05-23,13.7,58.3,5.8,10.4,636.0,10.7,22.8,58.3,7.3,10.4,401.0,13.4,401.0,co
Mumbai,2020-05-24,17.0,60.2,5.0,10.0,518.4,15.0,28.3,60.2,6.2,10.0,401.0,18.8,401.0,co
Mumbai,2020-05-25,16.3,54.2,7.0,10.3,534.6,13.6,27.2,54.2,8.7,10.3,401.0,17.0,401.0,co
Mumbai,2020-05-26,15.6,76.5,7.5,10.2,518.8,13.7,25.9,76.5,9.4,10.2,401.0,17.1,401.0,co
Mumbai,2020-05-27,19.1,93.9,13.0,,,7.4,31.9,93.9,16.2,,,9.2,93.9,pm10
Mumbai,2020-05-28,5.0,33.7,3.4,11.3,662.1,4.9,8.3,33.7,4.2,11.3,401.0,6.1,401.0,co
Mumbai,2020-05-29,10.1,36.8,5.5,,,6.4,16.8,36.8,6.9,,,8.0,36.8,pm10
Mumbai,2020-05-30,12.0,29.2,5.7,,,9.3,20.0,29.2,7.2,,,11.7,29.2,pm10
Mumbai,2020-05-31,11.4,70.2,3.9,11.8,374.2,6.8,19.1,70.2,4.9,11.8,401.0,8.5,401.0,co
Mumbai,2020-06-01,23.4,45.0,20.6,,100.0,12.0,39.0,45.0,25.8,,401.0,15.0,401.0,co
Mumbai,2020-06-02,22.5,53.9,26.2,,447.2,14.6,37.4,53.9,32.7,,401.0,18.3,401.0,co
Mumbai,2020-06-03,7.8,15.9,12.0,22.8,231.0,16.4,13.0,15.9,15.1,22.8,401.0,20.5,401.0,co
Mumbai,2020-06-04,22.8,43.3,24.5,14.7,507.3,16.4,38.1,43.3,30.6,14.7,401.0,20.5,401.0,co
Mumbai,2020-06-05,10.8,32.2,18.6,13.5,146.0,15.6,18.0,32.2,23.3,13.5,401.0,19.5,401.0,co
Mumbai,2020-06-06,,,,,,,,,,,,,,
Mumbai,2020-06-07,11.9,27.6,19.8,13.5,414.9,10.5,19.8,27.6,24.7,13.5,401.0,13.1,401.0,co
Mumbai,2020-06-08,13.7,27.1,14.0,17.2,413.4,11.5,22.9,27.1,17.5,17.2,401.0,14.4,401.0,co
Mumbai,2020-06-09,11.3,39.5,9.3,12.4,357.4,12.2,18.8,39.5,11.7,12.4,401.0,15.3,401.0,co
Mumbai,2020-06-10,13.6,47.1,6.0,11.6,1001.4,13.3,22.7,47.1,7.5,11.6,401.0,16.6,401.0,co
Mumbai,2020-06-11,13.2,44.2,8.8,11.6,1013.2,12.7,22.0,44.2,11.0,11.6,401.0,15.9,401.0,co
Mumbai,2020-06-12,9.6,28.1,1.2,11.5,1055.0,2.5,15.9,28.1,1.4,11.5,401.0,3.2,401.0,co
Mumbai,2020-06-13,6.2,15.9,1.1,11.6,1036.7,0.0,10.3,15.9,1.4,11.6,401.0,0.0,401.0,co
Mumbai,2020-06-14,8.6,24.5,18.2,11.5,1085.0,13.2,14.4,24.5,22.7,11.5,401.0,16.5,401.0,co
Mumbai,2020-06-15,9.2,29.5,1.2,11.5,1095.0,0.0,15.3,29.5,1.4,11.5,401.0,0.0,401.0,co
Mumbai,2020-06-16,15.9,22.3,1.2,11.4,1086.7,2.6,26.6,22.3,1.5,11.4,401.0,3.3,401.0,co
Mumbai,2020-06-17,11.7,19.0,1.2,11.5,1116.2,2.5,19.5,19.0,1.4,11.5,401.0,3.1,401.0,co
Mumbai,2020-06-18,9.0,31.8,11.0,9.9,577.0,15.4,15.1,31.8,13.7,9.9,401.0,19.3,401.0,co
Mumbai,2020-06-19,14.5,59.2,6.7,9.4,572.5,16.6,24.2,59.2,8.3,9.4,401.0,20.7,401.0,co
Mumbai,2020-06-20,10.7,53.4,7.5,9.5,401.0,15.6,17.8,53.4,9.4,9.5,401.0,19.6,401.0,co
Mumbai,2020-06-21,10.2,44.0,5.2,11.0,475.6,15.8,17.0,44.0,6.5,11.0,401.0,19.7,401.0,co
Mumbai,2020-06-22,11.4,44.7,7.8,7.4,469.8,16.3,18.9,44.7,9.8,7.4,401.0,20.4,401.0,co
Mumbai,2020-06-23,9.2,34.2,14.7,8.6,475.3,2.5,15.3,34.2,18.3,8.6,401.0,3.1,401.0,co
Mumbai,2020-06-24,8.6,32.8,2.8,8.1,500.7,2.5,14.3,32.8,3.5,8.1,401.0,3.1,401.0,co
Mumbai,2020-06-25,14.4,50.6,0.8,8.0,484.6,2.8,24.0,,1.0,8.0,401.0,3.5,401.0,co
Mumbai,2020-06-26,18.5,75.7,1.0,8.4,588.2,23.2,30.8,75.7,1.3,8.4,401.0,29.0,401.0,co
Mumbai,2020-06-27,17.4,113.4,1.2,8.1,568.6,22.6,29.0,109.2,1.5,8.1,401.0,28.2,401.0,co
Mumbai,2020-06-28,12.4,51.8,1.4,8.3,465.1,22.5,20.6,51.8,1.7,8.3,401.0,28.1,401.0,co
Mumbai,2020-06-29,8.2,26.0,2.3,8.4,443.9,22.6,13.7,26.0,2.8,8.4,401.0,28.3,401.0,co
Mumbai,2020-06-30,4.3,18.1,3.1,8.1,519.0,22.4,7.2,18.1,3.9,8.1,401.0,28.0,401.0,co
Mumbai,2020-07-01,6.8,29.7,1.8,8.0,566.8,22.4,11.3,29.7,2.2,8.0,401.0,28.1,401.0,co
Mumbai,2020-07-02,7.2,24.2,1.1,7.9,481.3,22.5,11.9,24.2,1.4,7.9,401.0,28.1,401.0,co
Mumbai,2020-07-03,6.6,16.0,1.6,8.1,464.6,26.3,10.9,16.0,2.0,8.1,401.0,32.9,401.0,co
Mumbai,2020-07-04,5.3,13.6,2.0,8.8,444.1,25.5,8.9,13.6,2.6,8.8,401.0,31.8,401.0,co
Mumbai,2020-07-05,10.5,43.9,1.8,9.1,474.1,0.0,17.5,43.9,2.3,9.1,401.0,0.0,401.0,co
Mumbai,2020-07-06,,,,,,,,,,,,,,
Mumbai,2020-07-07,7.6,25.7,4.1,11.6,980.0,23.3,12.7,25.7,5.1,11.6,401.0,29.1,401.0,co
Mumbai,2020-07-08,10.4,51.6,8.1,11.5,986.7,15.7,17.3,51.6,10.1,11.5,401.0,19.6,401.0,co
Mumbai,2020-07-09,14.0,63.8,9.9,11.5,1154.3,15.8,23.3,63.8,12.3,11.5,401.0,19.7,401.0,co
Mumbai,2020-07-10,9.4,56.1,5.5,11.5,1114.3,15.6,15.7,56.1,6.9,11.5,401.0,19.5,401.0,co
Mumbai,2020-07-11,8.1,39.1,7.9,11.5,977.5,15.6,13.4,39.1,9.9,11.5,401.0,19.5,401.0,co
Mumbai,2020-07-12,6.8,20.3,8.8,11.5,1175.7,15.7,11.3,20.3,11.0,11.5,401.0,19.7,401.0,co
Mumbai,2020-07-13,11.4,40.8,9.3,11.5,1188.6,15.9,19.1,40.8,11.7,11.5,401.0,19.9,401.0,co
Mumbai,2020-07-14,7.4,17.7,11.5,11.6,1195.0,16.0,12.3,17.7,14.4,11.6,401.0,20.0,401.0,co
Mumbai,2020-07-15,7.4,18.9,11.6,11.5,677.9,16.3,12.3,18.9,14.5,11.5,401.0,20.3,401.0,co
Mumbai,2020-07-16,6.1,20.5,13.3,11.5,1122.9,16.1,10.2,20.5,16.6,11.5,401.0,20.1,401.0,co
Mumbai,2020-07-17,7.9,25.1,11.8,8.4,476.1,18.3,13.2,25.1,14.7,8.4,401.0,22.9,401.0,co
Mumbai,2020-07-18,10.2,39.0,10.6,9.2,502.3,18.4,17.1,39.0,13.3,9.2,401.0,23.0,401.0,co
Mumbai,2020-07-19,9.8,47.3,8.4,9.4,502.9,17.8,16.3,47.3,10.4,9.4,401.0,22.2,401.0,co
Mumbai,2020-07-20,334.8,47.0,10.3,7.9,412.4,16.3,401.0,47.0,12.8,7.9,401.0,20.4,401.0,co
Mumbai,2020-07-21,153.7,70.6,10.6,8.8,471.2,20.3,326.1,70.6,13.2,8.8,401.0,25.4,401.0,co
Mumbai,2020-07-22,9.3,36.8,8.5,8.4,489.0,21.0,15.6,36.8,10.6,8.4,401.0,26.3,401.0,co
Mumbai,2020-07-23,8.8,33.0,10.1,8.9,487.0,21.7,14.6,33.0,12.6,8.9,401.0,27.1,401.0,co
Mumbai,2020-07-24,14.9,45.1,14.4,9.9,706.1,21.7,24.8,45.1,18.1,9.9,401.0,27.1,401.0,co
Mumbai,2020-07-25,9.9,35.3,21.4,6.6,421.5,30.8,16.5,35.3,26.8,6.6,401.0,38.6,401.0,co
Mumbai,2020-07-26,3.0,7.5,17.0,,,32.6,5.0,7.5,21.2,,,40.8,40.8,so2
Mumbai,2020-07-27,6.7,263.6,17.4,,,30.3,11.2,213.6,21.8,,,37.9,213.6,pm10
Mumbai,2020-07-28,23.0,509.0,26.1,,,32.8,38.4,401.0,32.7,,,41.1,401.0,pm10
Mumbai,2020-07-29,18.1,985.0,,,554.8,50.2,30.1,401.0,,,401.0,62.5,401.0,pm10
Mumbai,2020-07-30,16.3,515.2,15.1,5.1,666.9,31.5,27.2,401.0,18.8,5.1,401.0,39.4,401.0,co
Mumbai,2020-07-31,5.3,500.7,12.3,4.9,596.7,34.6,8.9,401.0,15.3,4.9,401.0,43.2,401.0,co
Mumbai,2020-08-01,,,,,,,,,,,,,,
Mumbai,2020-08-02,,,,,,,,,,,,,,
Mumbai,2020-08-03,3.0,3.8,9.2,,,32.5,5.0,3.8,11.5,,,40.6,40.6,so2
Mumbai,2020-08-04,3.5,32.9,17.7,,,26.0,5.8,32.9,22.2,,,32.5,32.9,pm10
Mumbai,2020-08-05,,,,,,,,,,,,,,
Mumbai,2020-08-06,5.2,40.5,10.7,18.7,392.3,23.2,8.6,40.5,13.4,18.7,401.0,28.9,401.0,co
Mumbai,2020-08-07,9.8,45.1,10.7,17.4,339.8,24.3,16.4,45.1,13.3,17.4,401.0,30.4,401.0,co
Mumbai,2020-08-08,11.3,52.0,8.5,,,25.7,18.9,52.0,10.6,,,32.1,52.0,pm10
Mumbai,2020-08-09,10.5,44.4,9.4,,112.5,25.2,17.5,44.4,11.7,,401.0,31.5,401.0,co
Mumbai,2020-08-10,13.1,49.7,12.2,,98.3,22.7,21.9,49.7,15.2,,401.0,28.4,401.0,co
Mumbai,2020-08-11,10.2,56.6,0.9,11.6,491.7,27.3,17.0,56.6,1.1,11.6,401.0,34.1,401.0,co
Mumbai,2020-08-12,8.9,38.6,1.2,11.6,455.8,31.0,14.9,38.6,1.5,11.6,401.0,38.8,401.0,co
Mumbai,2020-08-13,11.5,41.2,22.1,4.9,211.7,27.3,19.2,41.2,27.6,4.9,401.0,34.2,401.0,co
Mumbai,2020-08-14,259.7,39.8,23.8,,,27.1,401.0,39.8,29.7,,,33.8,401.0,pm25
Mumbai,2020-08-15,12.9,39.1,17.7,,,25.4,21.5,39.1,22.2,,,31.7,39.1,pm10
Mumbai,2020-08-16,13.6,62.2,12.0,,,26.4,22.6,62.2,15.0,,,33.0,62.2,pm10
Mumbai,2020-08-17,13.1,42.6,20.5,,,23.6,21.9,42.6,25.6,,,29.4,42.6,pm10
Mumbai,2020-08-18,8.8,30.9,10.0,,,21.1,14.6,30.9,12.5,,,26.3,30.9,pm10
Mumbai,2020-08-19,6.9,40.5,11.1,,,25.4,11.4,40.5,13.9,,,31.7,40.5,pm10
Mumbai,2020-08-20,9.1,33.6,10.3,,,22.5,15.1,33.6,12.9,,,28.2,33.6,pm10
Mumbai,2020-08-21,2.4,9.7,1.2,,,15.3,4.0,9.7,1.5,,,19.2,19.2,so2
Mumbai,2020-08-22,11.5,25.2,1.2,,,14.6,19.2,25.2,1.5,,,18.2,25.2,pm10
Mumbai,2020-08-23,8.2,14.8,4.6,,,14.4,13.7,14.8,5.8,,,18.1,18.1,so2
Mumbai,2020-08-24,11.1,60.4,13.1,11.6,1043.3,14.3,18.6,60.4,16.4,11.6,401.0,17.9,401.0,co
Mumbai,2020-08-25,11.2,48.2,9.2,,,22.4,18.7,48.2,11.5,,,28.0,48.2,pm10
Mumbai,2020-08-26,10.3,46.8,8.0,,,20.7,17.1,46.8,10.0,,,25.9,46.8,pm10
Mumbai,2020-08-27,7.0,18.4,11.2,,,30.8,11.6,18.4,14.0,,,38.4,38.4,so2
Mumbai,2020-08-28,9.9,28.4,11.2,11.7,1138.3,22.4,16.4,28.4,14.0,11.7,401.0,28.0,401.0,co
Mumbai,2020-08-29,10.0,20.1,12.9,,,14.4,16.6,20.1,16.1,,,18.0,20.1,pm10
Mumbai,2020-08-30,9.2,30.6,18.1,,,27.9,15.4,30.6,22.6,,,34.9,34.9,so2
Mumbai,2020-08-31,9.4,28.5,10.1,,,22.1,15.7,28.5,12.7,,,27.6,28.5,pm10
Mumbai,2020-09-01,18.3,53.8,9.1,,,23.8,30.6,53.8,11.4,,,29.8,53.8,pm10
Mumbai,2020-09-02,17.0,61.5,15.6,,,73.3,28.4,61.5,19.5,,,91.6,91.6,so2
Mumbai,2020-09-03,16.3,57.9,12.0,11.7,687.2,12.0,27.2,57.9,15.0,11.7,401.0,15.0,401.0,co
Mumbai,2020-09-04,,,,,,,,,,,,,,
Mumbai,2020-09-05,41.7,71.7,15.4,,,14.4,69.2,71.7,19.2,,,18.0,71.7,pm10
Mumbai,2020-09-06,55.6,69.7,13.3,,,18.6,92.6,69.7,16.6,,,23.3,92.6,pm25
Mumbai,2020-09-07,15.5,36.2,17.1,11.6,1213.3,12.1,25.8,36.2,21.4,11.6,401.0,15.2,401.0,co
Mumbai,2020-09-08,14.1,41.8,17.8,,11.7,18.0,23.5,41.8,22.2,,224.6,22.5,224.6,co
Mumbai,2020-09-09,44.2,46.0,9.6,,,13.0,73.3,46.0,12.0,,,16.2,73.3,pm25
Mumbai,2020-09-10,22.9,0.0,1.2,,,15.7,38.2,0.0,1.5,,,19.7,38.2,pm25
Mumbai,2020-09-11,19.4,0.0,1.2,,,16.5,32.4,0.0,1.5,,,20.7,32.4,pm25
Mumbai,2020-09-12,13.2,0.0,1.2,,,16.2,22.0,0.0,1.5,,,20.2,22.0,pm25
Mumbai,2020-09-13,16.1,0.0,1.2,,0.0,15.8,26.8,0.0,1.5,,0.0,19.8,26.8,pm25
Mumbai,2020-09-14,15.3,27.5,1.2,,30.8,11.0,25.6,27.5,1.6,,381.6,13.7,381.6,co
Mumbai,2020-09-15,13.6,19.2,1.3,,,14.1,22.7,19.2,1.6,,,17.6,22.7,pm25
Mumbai,2020-09-16,12.4,0.0,1.2,,,17.4,20.6,0.0,1.6,,,21.8,21.8,so2
Mumbai,2020-09-17,19.2,18.0,8.2,11.6,1416.7,15.0,32.0,18.0,10.2,11.6,401.0,18.7,401.0,co
Mumbai,2020-09-18,17.1,32.5,8.1,,,13.9,28.5,32.5,10.1,,,17.4,32.5,pm10
Mumbai,2020-09-19,28.5,0.0,1.3,,,16.6,47.5,0.0,1.6,,,20.8,47.5,pm25
Mumbai,2020-09-20,22.7,0.0,1.3,,832.5,17.2,37.8,0.0,1.6,,401.0,21.5,401.0,co
Mumbai,2020-09-21,28.0,37.0,11.0,,,21.9,46.6,37.0,13.7,,,27.4,46.6,pm25
Mumbai,2020-09-22,17.3,17.5,14.5,11.7,940.3,12.4,28.9,17.5,18.1,11.7,401.0,15.5,401.0,co
Mumbai,2020-09-23,225.5,9.2,1.3,,,10.8,381.2,9.2,1.6,,,13.6,381.2,pm25
Mumbai,2020-09-24,398.7,76.0,19.9,,,23.2,401.0,76.0,24.8,,,29.0,401.0,pm25
Mumbai,2020-09-25,346.0,84.3,1.3,11.8,1400.0,13.6,401.0,84.3,1.6,11.8,401.0,16.9,401.0,co
Mumbai,2020-09-26,109.7,79.5,1.3,11.8,1345.0,12.2,264.9,79.5,1.6,11.8,401.0,15.3,401.0,co
Mumbai,2020-09-27,14.8,94.2,1.3,11.6,1388.6,12.4,24.7,94.2,1.6,11.6,401.0,15.6,401.0,co
Mumbai,2020-09-28,17.7,123.6,1.3,11.6,1450.0,13.5,29.6,116.0,1.6,11.6,401.0,16.9,401.0,co
Mumbai,2020-09-29,22.3,113.8,1.3,11.7,1283.3,13.4,37.1,109.5,1.6,11.7,401.0,16.8,401.0,co
Mumbai,2020-09-30,18.3,94.3,17.2,,,11.7,30.4,94.3,21.6,,,14.7,94.3,pm10
Mumbai,2020-10-01,29.5,122.4,27.7,11.6,1453.3,16.1,49.1,115.2,34.7,11.6,401.0,20.2,401.0,co
Mumbai,2020-10-02,23.1,81.2,13.9,,,10.1,38.5,81.2,17.3,,,12.6,81.2,pm10
Mumbai,2020-10-03,32.0,80.0,16.6,11.6,1561.7,21.5,52.6,80.0,20.7,11.6,401.0,26.9,401.0,co
Mumbai,2020-10-04,,,,,,,,,,,,,,
Mumbai,2020-10-05,,,,,,,,,,,,,,
Mumbai,2020-10-06,,,,,,,,,,,,,,
Mumbai,2020-10-07,58.9,147.8,36.8,11.7,1430.0,17.9,98.2,132.1,46.0,11.7,401.0,22.4,401.0,co
Mumbai,2020-10-08,48.1,145.8,31.9,,,18.3,79.9,130.8,39.8,,,22.9,130.8,pm10
Mumbai,2020-10-09,49.8,130.6,54.0,11.8,1736.7,12.7,82.8,120.7,67.4,11.8,401.0,15.9,401.0,co
Mumbai,2020-10-10,55.6,,1.0,,,17.9,92.5,,1.2,,,22.3,92.5,pm25
Mumbai,2020-10-11,36.1,109.3,21.0,11.7,1743.3,12.5,59.6,106.5,26.3,11.7,401.0,15.6,401.0,co
Mumbai,2020-10-12,24.2,,1.0,,,17.2,40.3,,1.2,,,21.5,40.3,pm25
Mumbai,2020-10-13,302.6,119.7,23.2,11.8,1092.5,20.1,401.0,113.4,29.0,11.8,401.0,25.1,401.0,co
Mumbai,2020-10-14,347.8,86.2,25.7,,,14.9,401.0,86.2,32.1,,,18.6,401.0,pm25
Mumbai,2020-10-15,343.2,40.3,23.8,11.6,978.3,16.4,401.0,40.3,29.7,11.6,401.0,20.5,401.0,co
Mumbai,2020-10-16,337.4,62.7,18.9,11.8,1925.0,22.7,401.0,62.7,23.6,11.8,401.0,28.4,401.0,co
Mumbai,2020-10-17,342.8,140.3,18.2,11.7,1643.3,11.9,401.0,127.1,22.7,11.7,401.0,14.8,401.0,co
Mumbai,2020-10-18,336.4,90.3,18.1,11.6,799.8,12.0,401.0,90.3,22.6,11.6,401.0,15.0,401.0,co
Mumbai,2020-10-19,344.2,109.6,17.7,9.6,831.1,11.7,401.0,106.7,22.1,9.6,401.0,14.7,401.0,co
Mumbai,2020-10-20,114.8,100.2,18.3,9.8,955.0,12.5,282.2,,22.9,9.8,401.0,15.7,401.0,co
Mumbai,2020-10-21,284.8,88.4,21.7,11.8,1215.3,15.2,401.0,88.4,27.1,11.8,401.0,19.0,401.0,co
Mumbai,2020-10-22,35.3,104.7,20.4,11.8,1127.3,17.0,58.2,103.4,25.4,11.8,401.0,21.2,401.0,co
Mumbai,2020-10-23,172.9,143.6,13.7,8.5,1346.2,13.7,340.9,129.3,17.1,8.5,401.0,17.1,401.0,co
Mumbai,2020-10-24,170.1,115.8,17.6,8.5,1471.5,18.8,338.6,110.8,22.0,8.5,401.0,23.5,401.0,co
Mumbai,2020-10-25,26.8,97.8,18.3,20.3,936.1,9.1,44.6,97.8,22.9,20.3,401.0,11.4,401.0,co
Mumbai,2020-10-26,181.4,134.5,27.9,13.7,1690.8,9.9,347.4,123.3,34.9,13.7,401.0,12.3,401.0,co
Mumbai,2020-10-27,186.2,176.6,39.0,15.1,1753.5,11.5,351.1,151.2,48.8,15.1,401.0,14.4,401.0,co
Mumbai,2020-10-28,181.8,176.2,33.7,39.1,1489.7,10.9,347.7,151.0,42.1,39.1,401.0,13.6,401.0,co
Mumbai,2020-10-29,188.9,178.2,33.7,34.8,1409.0,11.4,353.1,152.3,42.1,34.8,401.0,14.3,401.0,co
Mumbai,2020-10-30,41.7,231.5,38.0,11.6,1984.4,11.3,69.0,187.7,47.5,11.6,401.0,14.2,401.0,co
Mumbai,2020-10-31,35.9,566.5,30.4,19.7,1779.1,11.9,59.3,401.0,38.0,19.7,401.0,14.8,401.0,co
Mumbai,2020-11-01,31.1,568.0,35.0,34.4,1508.3,11.6,51.2,401.0,43.7,34.4,401.0,14.5,401.0,co
Mumbai,2020-11-02,66.9,596.3,39.1,42.0,1728.8,11.9,121.2,401.0,48.9,42.0,401.0,14.9,401.0,co
Mumbai,2020-11-03,,,,,,,,,,,,,,
Mumbai,2020-11-04,60.5,245.0,39.3,29.9,1503.8,12.7,,196.7,49.2,29.9,401.0,15.8,401.0,co
Mumbai,2020-11-05,57.0,173.1,31.5,46.4,1763.8,12.2,94.9,148.9,39.3,46.4,401.0,15.2,401.0,co
Mumbai,2020-11-06,53.9,155.7,32.3,25.1,1603.3,10.4,89.8,137.3,40.3,25.1,401.0,12.9,401.0,co
Mumbai,2020-11-07,50.8,167.5,35.9,17.9,1501.4,9.8,84.5,145.2,44.9,17.9,401.0,12.3,401.0,co
Mumbai,2020-11-08,55.2,193.1,27.4,61.4,1721.8,10.6,92.0,162.2,34.2,61.4,401.0,13.3,401.0,co
Mumbai,2020-11-09,62.6,217.4,41.2,11.6,2660.0,11.2,106.6,178.4,51.3,11.6,401.0,14.0,401.0,co
Mumbai,2020-11-10,144.1,209.4,43.1,11.5,2704.3,11.1,318.7,173.0,53.7,11.5,401.0,13.8,401.0,co
Mumbai,2020-11-11,64.1,236.7,31.0,62.9,1211.8,10.9,111.5,191.2,38.8,62.9,401.0,13.7,401.0,co
Mumbai,2020-11-12,115.0,245.5,45.9,58.7,1825.2,9.8,282.9,197.0,57.1,58.7,401.0,12.2,401.0,co
Mumbai,2020-11-13,106.0,166.5,39.7,,,10.3,252.4,144.5,49.7,,,12.9,252.4,pm25
Mumbai,2020-11-14,95.6,240.3,25.8,37.8,1485.8,11.0,216.8,193.6,32.3,37.8,401.0,13.7,401.0,co
Mumbai,2020-11-15,53.5,142.1,24.4,39.8,1455.2,11.0,89.0,128.3,30.5,39.8,401.0,13.7,401.0,co
Mumbai,2020-11-16,65.2,170.0,29.7,48.4,1292.2,10.6,115.3,146.8,37.1,48.4,401.0,13.3,401.0,co
Mumbai,2020-11-17,87.9,158.6,30.2,17.7,1452.1,11.0,192.7,139.3,37.8,17.7,401.0,13.7,401.0,co
Mumbai,2020-11-18,111.8,201.0,31.6,11.3,2183.3,10.9,272.1,167.4,39.6,11.3,401.0,13.7,401.0,co
Mumbai,2020-11-19,100.4,193.2,38.1,27.5,1069.3,11.1,233.0,162.2,47.7,27.5,401.0,13.8,401.0,co
Mumbai,2020-11-20,108.3,296.5,46.2,11.3,1512.9,11.8,259.9,246.5,57.5,11.3,401.0,14.7,401.0,co
Mumbai,2020-11-21,75.8,197.0,40.7,11.3,1696.7,11.0,151.6,164.8,,11.3,401.0,13.8,401.0,co
Mumbai,2020-11-22,55.3,186.4,31.6,11.2,1580.0,12.3,92.0,157.7,39.5,11.2,401.0,15.4,401.0,co
Mumbai,2020-11-23,39.9,165.3,31.6,,,10.9,66.0,143.8,39.5,,,13.7,143.8,pm10
Mumbai,2020-11-24,99.1,319.2,57.0,60.5,1322.2,12.5,228.7,269.2,71.1,60.5,401.0,15.6,401.0,co
Mumbai,2020-11-25,71.3,248.8,43.5,,,12.7,136.2,199.2,54.2,,,15.8,199.2,pm10
Mumbai,2020-11-26,73.2,305.9,52.2,,,13.0,142.5,255.9,65.1,,,16.2,255.9,pm10
Mumbai,2020-11-27,38.4,161.6,18.2,44.1,1004.4,13.5,63.6,141.3,22.8,44.1,401.0,16.9,401.0,co
Mumbai,2020-11-28,114.4,157.4,24.1,432.1,1261.4,10.6,280.8,138.5,30.1,342.0,401.0,13.2,401.0,co
Mumbai,2020-11-29,34.8,131.1,28.4,11.2,1421.4,7.9,57.5,121.0,35.5,11.2,401.0,9.9,401.0,co
Mumbai,2020-11-30,69.6,216.4,94.6,,639.2,17.8,130.2,177.7,114.6,,401.0,22.3,401.0,co
Mumbai,2020-12-01,41.8,193.9,45.9,23.3,1268.5,11.4,69.2,162.7,57.2,23.3,401.0,14.3,401.0,co
Mumbai,2020-12-02,46.4,193.1,39.2,46.9,1478.8,9.1,76.9,162.2,49.0,46.9,401.0,11.4,401.0,co
Mumbai,2020-12-03,,,,,,,,,,,,,,
Mumbai,2020-12-04,59.7,243.5,55.9,73.6,1564.8,9.2,99.4,195.7,69.7,73.6,401.0,11.5,401.0,co
Mumbai,2020-12-05,40.8,166.6,32.6,11.2,2477.5,9.8,67.6,144.6,40.7,11.2,401.0,12.3,401.0,co
Mumbai,2020-12-06,48.1,202.8,48.9,11.2,1690.0,7.4,79.8,168.7,60.9,11.2,401.0,9.3,401.0,co
Mumbai,2020-12-07,37.6,167.6,22.9,11.3,2246.7,14.6,62.1,145.3,28.6,11.3,401.0,18.3,401.0,co
Mumbai,2020-12-08,9.3,231.0,1.0,11.3,2358.3,9.7,15.4,187.4,1.2,11.3,401.0,12.1,401.0,co
Mumbai,2020-12-09,51.4,141.4,44.1,11.3,2200.0,8.0,85.4,127.8,54.9,11.3,401.0,10.0,401.0,co
Mumbai,2020-12-10,55.9,180.3,28.1,11.3,1766.7,9.9,93.1,153.7,35.1,11.3,401.0,12.3,401.0,co
Mumbai,2020-12-11,26.0,168.0,0.9,11.1,1583.3,9.8,43.3,145.5,1.1,11.1,401.0,12.2,401.0,co
Mumbai,2020-12-12,,,,,,,,,,,,,,
Mumbai,2020-12-13,,,,,,,,,,,,,,
Mumbai,2020-12-14,37.4,131.4,62.2,21.1,1280.3,13.9,61.7,121.2,77.7,21.1,401.0,17.4,401.0,co
Mumbai,2020-12-15,60.5,202.2,33.0,40.9,1280.3,13.4,,168.2,41.3,40.9,401.0,16.8,401.0,co
Mumbai,2020-12-16,64.1,250.9,39.8,39.9,1501.2,13.6,111.5,,49.7,39.9,401.0,17.0,401.0,co
Mumbai,2020-12-17,89.5,232.5,22.7,223.0,1635.4,24.4,198.2,188.4,28.4,303.6,401.0,30.5,401.0,co
Mumbai,2020-12-18,56.9,180.8,4.2,11.0,1346.2,16.5,94.8,154.0,5.2,11.0,401.0,20.7,401.0,co
Mumbai,2020-12-19,59.1,208.3,7.9,10.9,1645.5,14.7,98.4,172.3,9.8,10.9,401.0,18.4,401.0,co
Mumbai,2020-12-20,49.3,172.6,8.4,10.9,1409.4,14.8,81.9,148.6,10.4,10.9,401.0,18.5,401.0,co
Mumbai,2020-12-21,38.2,149.2,15.0,10.9,1767.5,16.5,63.2,133.0,18.8,10.9,401.0,20.6,401.0,co
Mumbai,2020-12-22,60.8,321.5,19.2,10.7,1638.3,19.7,,271.5,24.0,10.7,401.0,24.6,401.0,co
Mumbai,2020-12-23,58.7,225.9,14.3,10.8,2230.0,16.5,97.8,184.0,17.8,10.8,401.0,20.6,401.0,co
Mumbai,2020-12-24,68.4,219.1,16.0,10.9,1855.0,17.6,126.3,179.5,20.0,10.9,401.0,22.0,401.0,co
Mumbai,2020-12-25,11.2,154.0,1.0,11.0,2225.0,10.9,18.7,136.2,1.2,11.0,401.0,13.6,401.0,co
Mumbai,2020-12-26,80.3,6539.3,1.0,11.1,2361.7,10.1,166.7,401.0,1.2,11.1,401.0,12.7,401.0,pm10
Mumbai,2020-12-27,110.8,220.2,12.2,11.0,1658.0,16.1,268.5,180.2,15.3,11.0,401.0,20.2,401.0,co
Mumbai,2020-12-28,53.1,189.1,11.5,20.4,1207.3,15.5,88.4,159.5,14.4,20.4,401.0,19.4,401.0,co
Mumbai,2020-12-29,58.0,197.2,13.2,15.6,1287.2,17.2,96.6,164.9,16.6,15.6,401.0,21.6,401.0,co
Mumbai,2020-12-30,61.7,195.4,15.3,10.8,1424.9,19.5,103.5,163.7,19.1,10.8,401.0,24.4,401.0,co
Mumbai,2020-12-31,65.5,182.7,14.8,62.5,1490.7,20.2,116.5,155.3,18.5,62.5,401.0,25.3,401.0,co
Mumbai,2021-01-01,79.6,185.9,11.1,56.6,1612.0,20.5,164.6,157.4,13.8,56.6,401.0,25.7,401.0,co
Mumbai,2021-01-02,,,,,,,,,,,,,,
Mumbai,2021-01-03,76.0,198.8,12.3,59.0,1263.5,21.7,152.1,166.0,15.4,59.0,401.0,27.2,401.0,co
Mumbai,2021-01-04,72.4,176.0,10.5,14.9,1408.2,20.1,139.9,150.8,13.1,14.9,401.0,25.1,401.0,co
Mumbai,2021-01-05,110.8,210.9,11.9,64.8,1289.1,18.8,268.6,174.0,14.8,64.8,401.0,23.5,401.0,co
Mumbai,2021-01-06,92.9,217.9,16.4,28.1,1532.9,20.5,207.5,178.7,20.5,28.1,401.0,25.6,401.0,co
Mumbai,2021-01-07,95.6,237.1,15.8,44.7,1882.7,20.0,216.5,191.5,19.8,44.7,401.0,25.0,401.0,co
Mumbai,2021-01-08,123.9,222.7,8.3,16.2,1837.4,19.8,303.2,181.8,10.3,16.2,401.0,24.8,401.0,co
Mumbai,2021-01-09,102.1,192.5,10.1,29.7,1822.3,19.8,238.8,161.8,12.6,29.7,401.0,24.7,401.0,co
Mumbai,2021-01-10,355.7,189.0,6.0,11.0,1741.1,18.8,401.0,159.5,7.5,11.0,401.0,23.5,401.0,co
Mumbai,2021-01-11,147.1,169.5,11.1,37.1,1683.0,19.5,321.1,146.5,13.9,37.1,401.0,24.4,401.0,co
Mumbai,2021-01-12,60.1,212.6,38.5,55.0,1747.6,19.0,,175.2,48.2,55.0,401.0,23.8,401.0,co
Mumbai,2021-01-13,51.1,181.7,43.4,10.8,1604.2,17.6,85.0,154.6,54.0,10.8,401.0,22.0,401.0,co
Mumbai,2021-01-14,51.6,188.0,40.9,40.3,1311.7,16.2,85.8,158.8,,40.3,401.0,20.3,401.0,co
Mumbai,2021-01-15,40.9,157.4,35.0,53.1,1473.7,16.2,67.7,138.5,43.7,53.1,401.0,20.3,401.0,co
Mumbai,2021-01-16,57.0,212.4,37.1,56.7,1866.4,17.3,94.9,175.0,46.4,56.7,401.0,21.6,401.0,co
Mumbai,2021-01-17,47.0,142.8,39.4,46.1,1871.4,15.6,78.0,128.8,49.2,46.1,401.0,19.5,401.0,co
Mumbai,2021-01-18,37.8,267.2,34.5,34.8,1187.0,15.4,62.5,217.2,43.1,34.8,401.0,19.3,401.0,co
Mumbai,2021-01-19,58.0,185.2,58.2,11.1,2000.1,22.3,96.6,156.9,72.7,11.1,401.0,27.9,401.0,co
Mumbai,2021-01-20,51.8,170.6,53.8,11.1,2031.0,19.4,86.2,147.3,67.0,11.1,401.0,24.2,401.0,co
Mumbai,2021-01-21,57.3,176.3,48.0,11.0,1310.7,27.0,95.4,151.0,59.8,11.0,401.0,33.8,401.0,co
Mumbai,2021-01-22,81.5,226.8,49.1,11.0,1976.7,20.7,171.1,184.6,61.2,11.0,401.0,25.9,401.0,co
Mumbai,2021-01-23,58.6,194.9,59.4,64.5,1298.1,29.0,97.7,163.4,74.2,64.5,401.0,36.3,401.0,co
Mumbai,2021-01-24,52.3,218.1,35.7,11.0,1752.5,20.2,87.0,178.8,44.6,11.0,401.0,25.2,401.0,co
Mumbai,2021-01-25,61.6,200.6,35.2,11.0,2207.5,21.8,103.2,167.2,44.0,11.0,401.0,27.3,401.0,co
Mumbai,2021-01-26,58.1,194.4,27.4,11.0,2108.6,19.1,96.8,163.0,34.2,11.0,401.0,23.9,401.0,co
Mumbai,2021-01-27,,,,,,,,,,,,,,
Mumbai,2021-01-28,,,,,,,,,,,,,,
Mumbai,2021-01-29,,,,,,,,,,,,,,
Mumbai,2021-01-30,,,,,,,,,,,,,,
Mumbai,2021-01-31,,,,,,,,,,,,,,
Mumbai,2021-02-01,,,,,,,,,,,,,,
Mumbai,2021-02-02,,,,,,,,,,,,,,
Mumbai,2021-02-03,,,,,,,,,,,,,,
Mumbai,2021-02-04,,,,,,,,,,,,,,
Mumbai,2021-02-05,34.1,140.6,39.4,27.7,869.8,20.6,56.2,127.3,49.2,27.7,401.0,25.8,401.0,co
Mumbai,2021-02-06,71.4,172.4,29.9,16.7,1355.6,25.1,136.7,148.5,37.4,16.7,401.0,31.3,401.0,co
Mumbai,2021-02-07,71.2,128.8,48.0,11.0,2105.0,21.6,135.8,119.4,59.8,11.0,401.0,27.0,401.0,co
Mumbai,2021-02-08,34.4,143.3,40.6,207.4,1546.3,25.7,56.7,129.1,,298.4,401.0,32.1,401.0,co
Mumbai,2021-02-09,41.7,145.4,58.3,70.7,1726.5,42.4,69.1,130.5,72.7,70.7,401.0,52.8,401.0,co
Mumbai,2021-02-10,49.0,247.0,44.4,,,22.9,81.4,198.0,55.2,,,28.6,198.0,pm10
Mumbai,2021-02-11,60.7,252.5,64.5,,,23.7,,202.5,80.6,,,29.6,202.5,pm10
Mumbai,2021-02-12,43.1,189.9,61.1,58.1,2494.4,23.8,71.4,160.0,76.2,58.1,401.0,29.7,401.0,co
Mumbai,2021-02-13,270.6,193.8,77.3,,,58.2,401.0,162.6,96.6,,,72.6,401.0,pm25
Mumbai,2021-02-14,722.4,151.0,55.9,,,24.1,401.0,134.2,69.8,,,30.1,401.0,pm25
Mumbai,2021-02-15,,,,,,,,,,,,,,
Mumbai,2021-02-16,378.4,132.9,50.3,,,23.1,401.0,122.2,62.7,,,28.8,401.0,pm25
Mumbai,2021-02-17,58.0,167.2,41.0,,,23.5,96.7,145.0,,,,29.4,145.0,pm10
Mumbai,2021-02-18,47.0,212.6,57.9,,,27.7,78.0,175.2,72.2,,,34.6,175.2,pm10
Mumbai,2021-02-19,,,,,,,,,,,,,,
Mumbai,2021-02-20,,,,,,,,,,,,,,
Mumbai,2021-02-21,41.4,125.1,45.7,,,25.7,68.6,117.0,56.9,,,32.1,117.0,pm10
Mumbai,2021-02-22,29.0,159.1,56.1,,983.1,32.9,48.3,139.6,70.0,,401.0,41.2,401.0,co
Mumbai,2021-02-23,67.1,220.6,104.2,,,31.7,121.8,180.4,124.2,,,39.6,180.4,pm10
Mumbai,2021-02-24,69.9,294.3,100.0,,,33.0,131.5,244.3,120.0,,,41.3,244.3,pm10
Mumbai,2021-02-25,67.7,213.5,78.4,,,34.9,123.8,175.7,98.0,,,43.6,175.7,pm10
Mumbai,2021-02-26,39.1,113.0,38.3,,,26.5,64.7,109.0,47.9,,,33.1,109.0,pm10
Mumbai,2021-02-27,,,,,,,,,,,,,,
Mumbai,2021-02-28,,160.0,,,,9.6,,140.2,,,,12.1,140.2,pm10
Mumbai,2021-03-01,57.6,216.5,58.5,15.8,2451.7,41.0,95.9,177.7,73.0,15.8,401.0,,401.0,co
Mumbai,2021-03-02,49.2,161.6,48.9,21.0,1716.7,30.4,81.8,141.3,60.9,21.0,401.0,37.9,401.0,co
Mumbai,2021-03-03,,,,,,,,,,,,,,
Mumbai,2021-03-04,75.4,198.1,62.3,26.8,2180.0,34.1,150.1,165.5,77.8,26.8,401.0,42.6,401.0,co
Mumbai,2021-03-05,56.4,180.3,49.1,25.9,2796.7,29.3,94.0,153.7,61.2,25.9,401.0,36.7,401.0,co
Mumbai,2021-03-06,98.3,143.6,34.2,26.0,1825.8,26.6,225.8,129.3,42.7,26.0,401.0,33.3,401.0,co
Mumbai,2021-03-07,38.9,157.3,32.0,19.2,2042.5,26.3,64.3,138.4,40.0,19.2,401.0,32.9,401.0,co
Mumbai,2021-03-08,32.3,140.2,31.1,7.3,672.5,26.6,53.3,127.1,38.9,7.3,401.0,33.3,401.0,co
Mumbai,2021-03-09,53.4,174.7,41.7,39.5,887.4,31.6,88.8,150.0,51.9,39.5,401.0,39.5,401.0,co
Mumbai,2021-03-10,60.8,189.2,95.2,13.5,921.4,28.0,,159.6,115.2,13.5,401.0,35.0,401.0,co
Mumbai,2021-03-11,38.9,140.5,51.9,14.2,761.5,25.6,64.3,127.2,64.7,14.2,401.0,31.9,401.0,co
Mumbai,2021-03-12,41.2,170.2,70.3,,,30.0,68.3,147.0,87.8,,,37.5,147.0,pm10
Mumbai,2021-03-13,61.4,367.2,67.1,,927.9,34.1,102.4,321.3,83.7,,401.0,42.6,401.0,co
Mumbai,2021-03-14,65.9,619.5,73.3,,1039.2,35.9,117.6,401.0,91.6,,401.0,44.8,401.0,co
Mumbai,2021-03-15,64.3,604.9,78.5,,,36.2,112.3,401.0,98.1,,,45.2,401.0,pm10
Mumbai,2021-03-16,43.1,586.0,102.0,,,36.4,71.4,401.0,122.0,,,45.5,401.0,pm10
Mumbai,2021-03-17,69.3,614.3,70.5,,,37.1,129.4,401.0,88.1,,,46.4,401.0,pm10
Mumbai,2021-03-18,54.1,257.0,79.6,,,30.1,90.0,207.0,99.5,,,37.6,207.0,pm10
Mumbai,2021-03-19,45.8,199.1,58.5,,,28.0,76.1,166.2,73.0,,,35.0,166.2,pm10
Mumbai,2021-03-20,51.5,231.6,40.6,6.6,473.9,25.5,85.6,187.7,,6.6,401.0,31.8,401.0,co
Mumbai,2021-03-21,51.4,208.2,61.0,,,27.0,85.4,172.2,76.1,,,33.7,172.2,pm10
Mumbai,2021-03-22,41.4,204.7,51.5,,,25.7,68.5,169.9,64.2,,,32.1,169.9,pm10
Mumbai,2021-03-23,75.7,342.4,81.8,22.6,1016.5,32.1,151.1,292.4,101.8,22.6,401.0,40.1,401.0,co
Mumbai,2021-03-24,70.2,225.8,63.6,,,33.6,132.3,183.9,79.3,,,42.0,183.9,pm10
Mumbai,2021-03-25,72.1,232.4,31.0,40.4,2270.8,38.5,138.7,188.3,38.7,40.4,401.0,48.1,401.0,co
Mumbai,2021-03-26,72.6,205.0,43.7,,1980.0,42.5,140.7,170.1,54.4,,401.0,52.9,401.0,co
Mumbai,2021-03-27,61.0,219.0,12.8,,,27.0,101.0,179.4,16.0,,,33.8,179.4,pm10
Mumbai,2021-03-28,95.0,211.5,46.0,,,34.9,214.7,174.4,57.3,,,43.6,214.7,pm25
Mumbai,2021-03-29,68.0,177.5,177.0,,,34.6,124.9,151.8,197.0,,,43.2,197.0,no2
Mumbai,2021-03-30,16.8,119.8,45.4,,,28.6,27.9,113.5,56.6,,,35.8,113.5,pm10
Mumbai,2021-03-31,29.0,146.0,34.7,,,27.0,48.3,130.9,43.4,,,33.7,130.9,pm10
Mumbai,2021-04-01,38.5,174.0,14.5,,,25.0,63.7,149.5,18.1,,,31.3,149.5,pm10
Mumbai,2021-04-02,,,,,,,,,,,,,,
Mumbai,2021-04-03,15.0,137.5,54.0,,,20.9,24.9,125.3,67.3,,,26.2,125.3,pm10
Mumbai,2021-04-04,,,,,,,,,,,,,,
Mumbai,2021-04-05,37.8,96.1,14.7,,,46.8,62.4,96.1,18.4,,,58.3,96.1,pm10
Mumbai,2021-04-06,32.8,160.5,28.6,,,43.4,54.0,140.5,35.8,,,54.0,140.5,pm10
Mumbai,2021-04-07,28.5,106.8,26.8,,,26.0,47.5,104.8,33.5,,,32.4,104.8,pm10
Mumbai,2021-04-08,36.1,132.4,21.5,,,22.8,59.6,121.9,26.9,,,28.5,121.9,pm10
Mumbai,2021-04-09,43.8,126.5,45.8,,,32.4,72.5,117.9,57.0,,,40.4,117.9,pm10
Mumbai,2021-04-10,29.8,188.0,37.6,,,25.0,49.7,158.8,47.0,,,31.2,158.8,pm10
Mumbai,2021-04-11,,,,,,,,,,,,,,
Mumbai,2021-04-12,38.0,124.0,14.8,,,41.4,62.8,116.3,18.6,,,51.6,116.3,pm10
Mumbai,2021-04-13,30.3,105.9,27.6,,,25.1,,104.2,34.4,,,31.4,104.2,pm10
Mumbai,2021-04-14,28.4,131.3,37.7,,,24.9,47.3,121.2,47.1,,,31.1,121.2,pm10
Mumbai,2021-04-15,34.0,111.1,27.4,,,24.2,56.0,107.7,34.2,,,30.3,107.7,pm10
Mumbai,2021-04-16,32.6,102.9,14.0,,,20.2,53.8,102.3,17.5,,,25.3,102.3,pm10
Mumbai,2021-04-17,21.2,98.4,29.0,,,18.4,35.4,98.4,36.2,,,22.9,98.4,pm10
Mumbai,2021-04-18,29.0,94.2,22.1,,,26.2,48.3,94.2,27.6,,,32.8,94.2,pm10
Mumbai,2021-04-19,25.0,88.4,22.5,,,25.4,41.6,88.4,28.1,,,31.8,88.4,pm10
Mumbai,2021-04-20,18.5,66.7,24.1,,,19.5,30.8,66.7,30.1,,,24.4,66.7,pm10
Mumbai,2021-04-21,21.5,75.1,12.9,,,25.5,35.8,75.1,16.1,,,31.9,75.1,pm10
Mumbai,2021-04-22,27.6,92.1,19.9,,,25.2,46.0,92.1,24.9,,,31.6,92.1,pm10
Mumbai,2021-04-23,22.6,111.8,23.1,,,27.6,37.6,108.2,28.8,,,34.5,108.2,pm10
Mumbai,2021-04-24,19.4,120.0,17.2,,,29.7,32.3,113.6,21.4,,,37.1,113.6,pm10
Mumbai,2021-04-25,,,,,,,,,,,,,,
Mumbai,2021-04-26,,,,,,,,,,,,,,
Mumbai,2021-04-27,31.4,400.1,23.4,,,12.9,51.7,362.6,29.2,,,16.1,362.6,pm10
Mumbai,2021-04-28,27.0,401.5,13.4,,,13.8,45.0,364.2,16.7,,,17.3,364.2,pm10
Mumbai,2021-04-29,27.2,536.2,9.8,,,16.0,45.3,401.0,12.3,,,20.1,401.0,pm10
Mumbai,2021-04-30,27.2,87.4,9.8,,,32.0,45.3,87.4,12.3,,,39.9,87.4,pm10
Mumbai,2021-05-01,,,,,,,,,,,,,,
Mumbai,2021-05-02,,,,,,,,,,,,,,
Mumbai,2021-05-03,32.6,95.7,13.9,,,34.2,53.7,95.7,17.4,,,42.8,95.7,pm10
Mumbai,2021-05-04,505.0,570.0,40.2,,,6.9,401.0,401.0,,,,8.7,401.0,pm25
Mumbai,2021-05-05,348.5,414.7,24.8,,,18.6,401.0,380.8,31.0,,,23.2,401.0,pm25
Mumbai,2021-05-06,501.2,610.8,19.5,,,10.7,401.0,401.0,24.4,,,13.3,401.0,pm25
Mumbai,2021-05-07,346.7,108.0,33.2,,,27.7,401.0,105.7,41.4,,,34.6,401.0,pm25
Mumbai,2021-05-08,511.5,438.2,20.6,,,22.3,401.0,401.0,25.8,,,27.8,401.0,pm25
Mumbai,2021-05-09,38.0,544.5,20.1,,,26.1,62.8,401.0,25.1,,,32.7,401.0,pm10
Mumbai,2021-05-10,985.0,517.0,6.2,,,9.5,401.0,401.0,7.8,,,11.9,401.0,pm25
Mumbai,2021-05-11,38.0,104.0,30.0,,,50.6,62.8,103.0,37.5,,,63.1,103.0,pm10
Mumbai,2021-05-12,15.5,33.0,25.3,,,62.6,25.8,33.0,31.6,,,78.1,78.1,so2
Mumbai,2021-05-13,26.0,84.5,24.3,,,29.1,43.3,84.5,30.4,,,36.4,84.5,pm10
Mumbai,2021-05-14,,,,,,,,,,,,,,
Mumbai,2021-05-15,55.7,136.0,35.9,,,50.7,92.7,124.3,44.9,,,63.2,124.3,pm10
Mumbai,2021-05-16,16.4,64.5,24.3,,,44.3,27.4,64.5,30.4,,,55.2,64.5,pm10
Mumbai,2021-05-17,19.6,67.3,21.7,,,26.0,32.6,67.3,27.1,,,32.5,67.3,pm10
Mumbai,2021-05-18,14.0,49.0,309.0,,,3.2,23.3,49.0,324.3,,,4.0,324.3,no2
Mumbai,2021-05-19,26.4,76.0,126.0,,,26.3,44.0,76.0,146.0,,,32.8,146.0,no2
Mumbai,2021-05-20,46.5,,,,,,77.2,,,,,,77.2,pm25
Mumbai,2021-05-21,,,,,,,,,,,,,,
Mumbai,2021-05-22,,,,,,,,,,,,,,
Mumbai,2021-05-23,,,,,,,,,,,,,,
Mumbai,2021-05-24,,,,,,,,,,,,,,
Mumbai,2021-05-25,13.0,88.7,30.2,,,22.3,21.6,88.7,37.7,,,27.9,88.7,pm10
Mumbai,2021-05-26,,,,,,,,,,,,,,
Mumbai,2021-05-27,21.7,94.1,22.9,,,22.0,36.2,94.1,28.6,,,27.5,94.1,pm10
Mumbai,2021-05-28,18.0,68.4,93.2,,,12.3,30.0,68.4,113.2,,,15.4,113.2,no2
Mumbai,2021-05-29,17.8,59.5,24.9,,,10.7,29.7,59.5,31.1,,,13.4,59.5,pm10
Mumbai,2021-05-30,,,,,,,,,,,,,,
Mumbai,2021-05-31,26.5,82.4,30.8,,,22.3,44.2,82.4,38.4,,,27.9,82.4,pm10
Mumbai,2021-06-01,,,,,,,,,,,,,,
Mumbai,2021-06-02,32.5,107.5,49.6,,,24.3,53.5,105.3,61.7,,,30.4,105.3,pm10
Mumbai,2021-06-03,,52.0,,,,7.6,,52.0,,,,9.5,52.0,pm10
Mumbai,2021-06-04,19.0,66.9,,,,7.2,31.7,66.9,,,,9.0,66.9,pm10
Mumbai,2021-06-05,33.5,86.2,31.8,,,23.7,55.2,86.2,39.8,,,29.7,86.2,pm10
Mumbai,2021-06-06,14.5,47.5,60.6,,,10.6,24.2,47.5,75.6,,,13.3,75.6,no2
Mumbai,2021-06-07,24.7,62.3,26.6,,,22.4,41.2,62.3,33.3,,,27.9,62.3,pm10
Mumbai,2021-06-08,177.5,45.9,39.4,,,10.8,344.4,45.9,49.2,,,13.6,344.4,pm25
Mumbai,2021-06-09,,,,,,,,,,,,,,
Mumbai,2021-06-10,25.3,53.2,45.6,,,22.5,42.1,53.2,56.8,,,28.1,56.8,no2
Mumbai,2021-06-11,,,,,,,,,,,,,,
Mumbai,2021-06-12,,,421.0,,,,,,401.0,,,,401.0,no2
Mumbai,2021-06-13,25.3,63.2,23.2,,,24.9,42.2,63.2,29.0,,,31.1,63.2,pm10
Mumbai,2021-06-14,23.0,81.7,20.9,,,23.9,38.4,81.7,26.1,,,29.9,81.7,pm10
Mumbai,2021-06-15,23.0,128.0,171.2,,,5.4,38.3,118.9,191.2,,,6.7,191.2,no2
Mumbai,2021-06-16,,,,,,,,,,,,,,
Mumbai,2021-06-17,,,,,,,,,,,,,,
Mumbai,2021-06-18,,,,,,,,,,,,,,
Mumbai,2021-06-19,28.0,35.0,12.0,,,19.0,46.7,35.0,14.9,,,23.8,46.7,pm25
Mumbai,2021-06-20,46.1,34.2,12.0,,,18.4,76.5,34.2,14.9,,,22.9,76.5,pm25
Mumbai,2021-06-21,29.3,44.9,2.8,,,22.3,48.8,44.9,3.6,,,27.9,48.8,pm25
Mumbai,2021-06-22,38.3,41.3,2.8,,,22.1,63.3,41.3,3.5,,,27.6,63.3,pm25
Mumbai,2021-06-23,68.3,48.4,2.8,,,21.8,125.9,48.4,3.5,,,27.2,125.9,pm25
Mumbai,2021-06-24,67.0,224.0,20.2,,,14.1,121.5,182.7,25.2,,,17.6,182.7,pm10
Mumbai,2021-06-25,37.0,49.5,23.1,,,11.4,61.1,49.5,28.9,,,14.2,61.1,pm25
Mumbai,2021-06-26,23.4,82.2,37.2,,,12.4,38.9,82.2,46.4,,,15.4,82.2,pm10
Mumbai,2021-06-27,,,,,,,,,,,,,,
Mumbai,2021-06-28,48.0,107.0,13.4,,,0.0,79.6,105.0,16.8,,,0.0,105.0,pm10
Mumbai,2021-06-29,30.1,150.9,18.5,,,7.8,,134.1,23.2,,,9.8,134.1,pm10
Mumbai,2021-06-30,22.8,64.7,17.2,,,8.4,38.1,64.7,21.4,,,10.5,64.7,pm10
Mumbai,2021-07-01,,,,,,,,,,,,,,
Mumbai,2021-07-02,,,,,,,,,,,,,,
Mumbai,2021-07-03,34.0,49.4,,,,12.2,56.1,49.4,,,,15.3,56.1,pm25
Mumbai,2021-07-04,,,,,,,,,,,,,,
Mumbai,2021-07-05,33.1,89.6,7.9,,,23.1,54.5,89.6,9.9,,,28.9,89.6,pm10
Mumbai,2021-07-06,,,,,,,,,,,,,,
Mumbai,2021-07-07,,,,,,,,,,,,,,
Mumbai,2021-07-08,45.5,117.7,12.0,,,29.2,75.5,112.1,15.0,,,36.5,112.1,pm10
Mumbai,2021-07-09,28.5,78.2,14.8,,,18.9,47.6,78.2,18.5,,,23.7,78.2,pm10
Mumbai,2021-07-10,,,,,,,,,,,,,,
Mumbai,2021-07-11,,,,,,,,,,,,,,
Mumbai,2021-07-12,25.5,104.0,8.1,,,0.0,42.5,103.0,10.2,,,0.0,103.0,pm10
Mumbai,2021-07-13,20.8,53.5,17.7,,,45.3,34.7,53.5,22.1,,,56.4,56.4,so2
Mumbai,2021-07-14,20.0,52.8,9.7,8.4,231.4,8.2,33.4,52.8,12.2,8.4,401.0,10.2,401.0,co
Mumbai,2021-07-15,16.5,82.7,13.6,,,9.3,27.5,82.7,17.0,,,11.6,82.7,pm10
Mumbai,2021-07-16,17.0,44.6,9.7,,,30.2,28.3,44.6,12.1,,,37.8,44.6,pm10
Mumbai,2021-07-17,17.3,47.2,6.5,,,20.8,28.8,47.2,8.2,,,26.0,47.2,pm10
Mumbai,2021-07-18,18.9,46.5,,,,10.0,31.5,46.5,,,,12.6,46.5,pm10
Mumbai,2021-07-19,20.1,66.1,11.8,,,259.9,33.4,66.1,14.8,,,160.2,160.2,so2
Mumbai,2021-07-20,27.5,75.3,6.7,,,213.9,45.8,75.3,8.4,,,145.0,145.0,so2
Mumbai,2021-07-21,21.5,70.5,2.4,,,243.5,35.8,70.5,3.0,,,154.8,154.8,so2
Mumbai,2021-07-22,30.4,77.5,4.6,,,147.2,,77.5,5.8,,,122.9,122.9,so2
Mumbai,2021-07-23,26.9,71.3,6.8,,,127.8,44.9,71.3,8.5,,,116.5,116.5,so2
Mumbai,2021-07-24,21.6,64.0,4.0,,,140.3,36.0,64.0,5.0,,,120.6,120.6,so2
Mumbai,2021-07-25,28.4,67.2,6.0,,,123.9,47.3,67.2,7.5,,,115.2,115.2,so2
Mumbai,2021-07-26,,,,,,,,,,,,,,
Mumbai,2021-07-27,,,,,,,,,,,,,,
Mumbai,2021-07-28,,,,,,,,,,,,,,
Mumbai,2021-07-29,,,,,,,,,,,,,,
Mumbai,2021-07-30,,,,,,,,,,,,,,
Mumbai,2021-07-31,,,,,,,,,,,,,,
Mumbai,2021-08-01,,,,,,,,,,,,,,
Mumbai,2021-08-02,,,,,,,,,,,,,,
Mumbai,2021-08-03,,,,,,,,,,,,,,
Mumbai,2021-08-04,,,,,,,,,,,,,,
Mumbai,2021-08-05,,,,,,,,,,,,,,
Mumbai,2021-08-06,,,,,,,,,,,,,,
Mumbai,2021-08-07,,,,,,,,,,,,,,
Mumbai,2021-08-08,,,,,,,,,,,,,,
Mumbai,2021-08-09,,,,,,,,,,,,,,
Mumbai,2021-08-10,,,,,,,,,,,,,,
Mumbai,2021-08-11,,,,,,,,,,,,,,
Mumbai,2021-08-12,,,,,,,,,,,,,,
Mumbai,2021-08-13,,,,,,,,,,,,,,
Mumbai,2021-08-14,,,,,,,,,,,,,,
Mumbai,2021-08-15,,,,,,,,,,,,,,
Mumbai,2021-08-16,,,,,,,,,,,,,,
Mumbai,2021-08-17,,,,,,,,,,,,,,
Mumbai,2021-08-18,,,,,,,,,,,,,,
Mumbai,2021-08-19,,,,,,,,,,,,,,
Mumbai,2021-08-20,,,,,,,,,,,,,,
Mumbai,2021-08-21,,,,,,,,,,,,,,
Mumbai,2021-08-22,,,,,,,,,,,,,,
Mumbai,2021-08-23,,,,,,,,,,,,,,
Mumbai,2021-08-24,,,,,,,,,,,,,,
Mumbai,2021-08-25,15.6,84.6,8.4,,,11.3,26.0,84.6,10.4,,,14.1,84.6,pm10
Mumbai,2021-08-26,,,,,,,,,,,,,,
Mumbai,2021-08-27,,,,,,,,,,,,,,
Mumbai,2021-08-28,,,,,,,,,,,,,,
Mumbai,2021-08-29,,,,,,,,,,,,,,
Mumbai,2021-08-30,,,,,,,,,,,,,,
Mumbai,2021-08-31,,,,,,,,,,,,,,
Mumbai,2021-09-01,27.7,69.6,8.2,24.0,889.0,10.0,46.2,69.6,10.2,24.0,401.0,12.5,401.0,co
Mumbai,2021-09-02,28.7,92.5,8.1,475.4,849.0,11.5,47.9,92.5,10.2,349.9,401.0,14.3,401.0,co
Mumbai,2021-09-03,55.2,69.7,8.1,30.8,827.1,16.2,92.0,69.7,10.1,30.8,401.0,20.2,401.0,co
Mumbai,2021-09-04,30.8,70.7,8.1,22.5,750.8,17.1,,70.7,10.2,22.5,401.0,21.3,401.0,co
Mumbai,2021-09-05,26.1,77.9,8.1,16.3,1001.9,15.9,43.6,77.9,10.2,16.3,401.0,19.8,401.0,co
Mumbai,2021-09-06,27.6,69.9,8.1,16.8,203.3,14.6,45.9,69.9,10.2,16.8,401.0,18.3,401.0,co
Mumbai,2021-09-07,26.5,70.3,16.3,14.0,932.9,19.2,44.2,70.3,20.4,14.0,401.0,24.0,401.0,co
Mumbai,2021-09-08,42.8,104.0,8.1,12.5,0.0,11.0,70.9,103.0,10.1,12.5,0.0,13.8,103.0,pm10
Mumbai,2021-09-09,19.0,86.7,13.6,8.0,0.0,11.7,31.7,86.7,17.0,8.0,0.0,14.6,86.7,pm10
Mumbai,2021-09-10,42.3,104.0,8.1,7.9,0.0,8.8,70.0,103.0,10.2,7.9,0.0,11.0,103.0,pm10
Mumbai,2021-09-11,20.6,61.7,17.5,7.7,0.0,20.5,34.4,61.7,21.9,7.7,0.0,25.7,61.7,pm10
Mumbai,2021-09-12,39.7,104.0,8.1,8.4,0.0,9.4,65.7,103.0,10.2,8.4,0.0,11.7,103.0,pm10
Mumbai,2021-09-13,38.3,104.0,8.2,7.2,0.0,9.0,63.3,103.0,10.2,7.2,0.0,11.3,103.0,pm10
Mumbai,2021-09-14,27.9,403.8,11.4,7.6,0.0,10.6,46.4,367.2,14.3,7.6,0.0,13.3,367.2,pm10
Mumbai,2021-09-15,29.1,118.4,14.0,7.4,693.1,20.5,48.4,112.6,17.5,7.4,401.0,25.6,401.0,co
Mumbai,2021-09-16,32.4,97.1,13.6,9.7,702.2,17.5,53.4,97.1,17.0,9.7,401.0,21.9,401.0,co
Mumbai,2021-09-17,42.0,134.4,10.8,9.9,691.1,19.8,69.6,123.2,13.5,9.9,401.0,24.8,401.0,co
Mumbai,2021-09-18,25.1,74.0,13.2,361.3,735.9,19.7,41.8,74.0,16.4,329.0,401.0,24.7,401.0,co
Mumbai,2021-09-19,22.6,134.4,9.8,354.4,760.4,20.9,37.7,123.2,12.2,327.7,401.0,26.1,401.0,co
Mumbai,2021-09-20,22.0,67.5,11.3,282.2,798.3,16.4,36.7,67.5,14.1,314.5,401.0,20.5,401.0,co
Mumbai,2021-09-21,43.6,96.2,20.6,247.0,1081.4,10.6,72.3,96.2,25.7,308.0,401.0,13.3,401.0,co
Mumbai,2021-09-22,28.7,104.8,18.8,207.3,1279.2,34.3,47.9,103.6,23.5,298.3,401.0,42.8,401.0,co
Mumbai,2021-09-23,32.8,151.8,17.1,215.8,1176.7,13.6,54.0,134.7,21.3,302.3,401.0,17.0,401.0,co
Mumbai,2021-09-24,30.0,172.0,14.0,232.9,1056.3,11.9,49.9,148.2,17.6,305.4,401.0,14.9,401.0,co
Mumbai,2021-09-25,31.0,155.2,17.8,187.5,1035.0,12.1,,137.0,22.2,248.0,401.0,15.1,401.0,co
Mumbai,2021-09-26,28.7,142.1,12.5,211.8,958.6,18.3,47.8,128.3,15.7,301.5,401.0,22.9,401.0,co
Mumbai,2021-09-27,29.5,164.1,15.0,175.2,1180.3,12.6,49.1,142.9,18.7,216.9,401.0,15.7,401.0,co
Mumbai,2021-09-28,40.6,163.3,19.1,196.1,1123.7,12.4,67.3,142.4,23.9,269.9,401.0,15.6,401.0,co
Mumbai,2021-09-29,,,,,,,,,,,,,,
Mumbai,2021-09-30,21.9,65.8,12.9,163.8,755.6,13.0,36.5,65.8,16.1,193.8,401.0,16.3,401.0,co
Mumbai,2021-10-01,,,,,,,,,,,,,,
Mumbai,2021-10-02,,,,,,,,,,,,,,
Mumbai,2021-10-03,,,,,,,,,,,,,,
Mumbai,2021-10-04,,,,,,,,,,,,,,
Mumbai,2021-10-05,,,,,,,,,,,,,,
Mumbai,2021-10-06,,,,,,,,,,,,,,
Mumbai,2021-10-07,,,,,,,,,,,,,,
Mumbai,2021-10-08,,,,,,,,,,,,,,
Mumbai,2021-10-09,,,,,,,,,,,,,,
Mumbai,2021-10-10,,,,,,,,,,,,,,
Mumbai,2021-10-11,,,,,,,,,,,,,,
Mumbai,2021-10-12,,,,,,,,,,,,,,
Mumbai,2021-10-13,70.5,202.5,26.1,0.0,1600.2,7.8,133.3,168.4,32.7,0.0,401.0,9.8,401.0,co
Mumbai,2021-10-14,59.1,172.0,43.0,225.6,1486.5,23.6,98.4,148.2,53.5,304.1,401.0,29.4,401.0,co
Mumbai,2021-10-15,48.0,139.6,97.2,229.6,1367.1,18.1,79.8,126.7,117.2,304.8,401.0,22.7,401.0,co
Mumbai,2021-10-16,74.4,153.8,53.6,175.4,1437.1,16.9,146.7,136.1,66.9,217.2,401.0,21.1,401.0,co
Mumbai,2021-10-17,49.6,179.6,50.7,159.2,1436.7,16.2,82.4,153.2,63.2,187.1,401.0,20.2,401.0,co
Mumbai,2021-10-18,33.9,138.3,46.3,155.9,1121.0,26.9,56.0,125.8,57.6,182.1,401.0,33.6,401.0,co
Mumbai,2021-10-19,48.8,144.8,29.9,163.4,1169.2,40.1,81.0,130.1,37.4,193.2,401.0,,401.0,co
Mumbai,2021-10-20,36.0,109.3,25.5,135.1,1043.5,22.8,59.4,106.5,31.9,151.4,401.0,28.5,401.0,co
Mumbai,2021-10-21,44.2,141.2,35.1,128.8,1559.9,23.7,73.4,127.7,43.9,142.0,401.0,29.6,401.0,co
Mumbai,2021-10-22,48.2,148.2,,,2360.0,5.6,80.1,132.4,,,401.0,7.0,401.0,co
Mumbai,2021-10-23,29.8,93.0,,,1844.7,3.8,49.7,93.0,,,401.0,4.7,401.0,co
Mumbai,2021-10-24,19.5,71.9,,,1532.8,3.0,32.6,71.9,,,401.0,3.8,401.0,co
Mumbai,2021-10-25,26.2,82.8,,,1553.0,2.8,43.7,82.8,,,401.0,3.6,401.0,co
Mumbai,2021-10-26,217.5,165.8,19.6,,2196.2,5.0,375.1,144.0,24.5,,401.0,6.3,401.0,co
Mumbai,2021-10-27,41.1,135.9,,,1939.5,5.1,68.0,124.2,,,401.0,6.3,401.0,co
Mumbai,2021-10-28,44.4,130.2,,,1724.3,4.6,73.7,120.4,,,401.0,5.7,401.0,co
Mumbai,2021-10-29,,,,,,,,,,,,,,
Mumbai,2021-10-30,61.4,144.4,58.7,227.8,1407.5,27.2,102.3,129.9,73.3,304.4,401.0,34.0,401.0,co
Mumbai,2021-10-31,61.0,170.1,101.9,278.5,1806.2,28.7,101.0,146.9,121.9,313.8,401.0,35.9,401.0,co
Mumbai,2021-11-01,73.7,205.7,77.6,305.4,1745.6,30.9,144.5,170.6,97.0,318.7,401.0,38.6,401.0,co
Mumbai,2021-11-02,67.1,225.5,55.8,326.4,1016.9,32.2,121.8,183.7,69.6,322.6,401.0,40.3,401.0,co
Mumbai,2021-11-03,60.1,136.2,50.3,321.8,1404.0,32.3,,124.4,62.7,321.7,401.0,40.4,401.0,co
Mumbai,2021-11-04,94.9,185.2,43.0,296.2,1346.2,32.1,214.4,157.0,53.5,317.0,401.0,40.2,401.0,co
Mumbai,2021-11-05,57.8,120.4,30.8,1169.1,1281.0,32.7,96.3,113.9,38.5,401.0,401.0,40.8,401.0,co
Mumbai,2021-11-06,55.4,103.4,33.7,807.2,1064.3,32.7,92.2,102.6,42.2,401.0,401.0,40.8,401.0,co
Mumbai,2021-11-07,53.4,129.3,32.9,787.9,1101.9,32.6,88.8,119.8,41.1,401.0,401.0,40.7,401.0,co
Mumbai,2021-11-08,70.3,150.2,39.4,792.1,765.6,32.5,132.8,133.7,49.2,401.0,401.0,40.6,401.0,co
Mumbai,2021-11-09,58.9,144.4,38.6,787.7,1345.6,32.5,98.1,129.8,48.3,401.0,401.0,40.6,401.0,co
Mumbai,2021-11-10,57.3,139.0,42.1,656.0,1297.1,31.8,95.5,126.3,52.4,383.1,401.0,39.7,401.0,co
Mumbai,2021-11-11,60.3,141.8,39.2,337.1,1277.1,32.0,,128.1,49.0,324.5,401.0,40.0,401.0,co
Mumbai,2021-11-12,57.0,144.9,36.9,610.2,1354.2,31.2,94.9,130.1,46.1,374.7,401.0,38.9,401.0,co
Mumbai,2021-11-13,70.5,167.3,36.8,605.0,1436.6,32.3,133.4,145.1,46.0,373.7,401.0,40.4,401.0,co
Mumbai,2021-11-14,82.3,168.5,35.5,597.8,1452.9,32.7,173.7,145.9,44.3,372.4,401.0,40.9,401.0,co
Mumbai,2021-11-15,77.0,168.7,43.9,545.3,23070.7,31.0,155.6,146.0,54.6,362.8,401.0,38.7,401.0,co
Mumbai,2021-11-16,130.4,174.0,47.3,201.5,22990.0,29.9,308.2,149.5,58.9,283.5,401.0,37.4,401.0,co
Mumbai,2021-11-17,42.5,105.9,45.7,578.6,1117.0,24.1,70.4,104.3,56.9,368.9,401.0,30.1,401.0,co
Mumbai,2021-11-18,37.4,102.7,27.9,783.6,955.9,27.9,61.9,102.2,34.9,401.0,401.0,34.9,401.0,co
Mumbai,2021-11-19,46.8,131.0,37.1,489.4,910.2,29.0,77.8,120.9,46.4,352.5,401.0,36.3,401.0,co
Mumbai,2021-11-20,219.1,115.5,53.1,19.2,1115.0,27.7,376.3,110.6,66.2,19.2,401.0,34.6,401.0,co
Mumbai,2021-11-21,124.9,64.2,45.5,9.5,764.6,28.0,304.0,64.2,56.6,9.5,401.0,35.0,401.0,co
Mumbai,2021-11-22,30.3,82.5,64.8,9.5,907.6,26.5,,82.5,80.9,9.5,401.0,33.1,401.0,co
Mumbai,2021-11-23,34.5,88.7,51.3,9.7,906.3,25.5,56.9,88.7,64.0,9.7,401.0,31.9,401.0,co
Mumbai,2021-11-24,61.5,148.8,62.2,32.2,1659.4,18.2,102.7,132.8,77.7,32.2,401.0,22.7,401.0,co
Mumbai,2021-11-25,53.5,143.5,61.2,73.1,1618.4,23.3,89.1,129.2,76.3,73.1,401.0,29.1,401.0,co
Mumbai,2021-11-26,55.9,141.1,63.8,65.7,1300.2,23.9,93.0,127.6,79.6,65.7,401.0,29.8,401.0,co
Mumbai,2021-11-27,59.8,155.1,64.8,104.2,1624.2,23.4,99.7,137.0,81.0,105.7,401.0,29.3,401.0,co
Mumbai,2021-11-28,,,,,,,,,,,,,,
Mumbai,2021-11-29,53.2,132.5,46.3,105.5,1309.5,22.1,88.6,121.9,57.6,107.6,401.0,27.7,401.0,co
Mumbai,2021-11-30,58.7,143.8,54.7,88.3,1386.8,22.1,97.8,129.4,68.2,88.3,401.0,27.6,401.0,co
Mumbai,2021-12-01,43.4,80.7,26.8,59.0,1117.1,21.1,72.0,80.7,33.5,59.0,401.0,26.4,401.0,co
Mumbai,2021-12-02,43.9,92.7,36.3,27.0,1325.9,18.9,72.8,92.7,45.3,27.0,401.0,23.6,401.0,co
Mumbai,2021-12-03,50.3,117.8,60.5,39.1,1493.1,16.8,83.5,112.2,75.5,39.1,401.0,21.0,401.0,co
Mumbai,2021-12-04,49.9,133.4,44.2,3.9,1995.6,16.4,83.0,122.5,55.1,3.9,401.0,20.4,401.0,co
Mumbai,2021-12-05,46.7,125.2,51.6,20.5,1988.6,13.4,77.5,117.1,64.3,20.5,401.0,16.7,401.0,co
Mumbai,2021-12-06,64.3,141.8,48.5,70.5,1444.5,11.2,112.2,128.1,60.4,70.5,401.0,14.0,401.0,co
Mumbai,2021-12-07,75.1,151.4,48.6,95.1,1243.4,18.3,149.1,134.5,60.5,95.1,401.0,22.9,401.0,co
Mumbai,2021-12-08,73.4,164.9,61.7,82.5,1552.4,27.3,143.3,143.5,77.0,82.5,401.0,34.1,401.0,co
Mumbai,2021-12-09,74.1,160.7,58.2,82.5,1528.9,28.6,145.7,140.7,72.6,82.5,401.0,35.8,401.0,co
Mumbai,2021-12-10,63.0,141.7,55.0,97.3,1338.8,29.9,107.9,128.0,68.6,97.3,401.0,37.4,401.0,co
Mumbai,2021-12-11,94.9,169.4,63.9,,2190.0,35.3,214.4,146.4,79.8,,401.0,44.1,401.0,co
Mumbai,2021-12-12,65.2,155.7,67.9,101.2,1639.0,35.4,115.4,137.3,84.8,101.3,401.0,44.3,401.0,co
Mumbai,2021-12-13,58.3,164.2,56.5,87.6,1576.2,36.1,97.1,143.0,70.5,87.6,401.0,45.1,401.0,co
Mumbai,2021-12-14,57.9,156.3,62.8,69.8,1591.2,35.9,96.5,137.7,78.3,69.8,401.0,44.9,401.0,co
Mumbai,2021-12-15,81.0,190.2,88.2,80.7,1603.9,35.1,169.4,160.3,108.2,80.7,401.0,43.9,401.0,co
Mumbai,2021-12-16,89.1,204.9,87.0,89.6,1800.1,33.8,197.0,170.0,107.0,89.6,401.0,42.2,401.0,co
Mumbai,2021-12-17,87.3,209.0,98.0,79.0,1909.6,33.7,190.9,172.8,118.0,79.0,401.0,42.1,401.0,co
Mumbai,2021-12-18,79.4,184.5,72.6,67.9,1862.1,33.8,164.0,156.5,90.7,67.9,401.0,42.2,401.0,co
Mumbai,2021-12-19,73.4,163.9,69.4,119.8,1509.0,33.3,143.4,142.8,86.7,128.9,401.0,41.6,401.0,co
Mumbai,2021-12-20,171.1,148.0,46.2,77.6,1330.3,34.8,339.4,132.2,57.6,77.6,401.0,43.5,401.0,co
Mumbai,2021-12-21,49.6,125.0,,,,19.1,82.3,116.9,,,,23.9,116.9,pm10
Mumbai,2021-12-22,60.4,196.1,,,,14.7,,164.2,,,,18.4,164.2,pm10
Mumbai,2021-12-23,78.4,197.7,91.3,,,35.0,160.3,165.2,111.3,,,43.7,165.2,pm10
Mumbai,2021-12-24,49.7,135.5,62.5,,,33.3,82.7,123.9,78.0,,,41.6,123.9,pm10
Mumbai,2021-12-25,69.2,157.5,45.9,,,36.8,129.0,138.5,57.2,,,46.0,138.5,pm10
Mumbai,2021-12-26,72.4,161.6,,,,1.7,139.9,141.3,,,,2.1,141.3,pm10
Mumbai,2021-12-27,102.7,229.2,76.0,,,40.1,240.8,186.2,95.0,,,,240.8,pm25
Mumbai,2021-12-28,,,,,,,,,,,,,,
Mumbai,2021-12-29,56.0,165.9,45.9,,,9.6,93.2,144.1,57.2,,,12.0,144.1,pm10
Mumbai,2021-12-30,75.4,156.7,59.1,,405.0,8.9,150.0,138.0,73.7,,401.0,11.1,401.0,co
Mumbai,2021-12-31,56.5,98.5,24.7,,,8.1,94.1,98.5,30.9,,,10.1,98.5,pm10
Mumbai,2022-01-01,43.0,114.3,,,,2.8,71.3,109.9,,,,3.4,109.9,pm10
Mumbai,2022-01-02,59.0,191.4,,,,6.2,98.3,161.1,,,,7.7,161.1,pm10
Mumbai,2022-01-03,,,,,,,,,,,,,,
Mumbai,2022-01-04,,,,,,,,,,,,,,
Mumbai,2022-01-05,93.2,202.2,89.9,,,14.8,208.4,168.3,109.9,,,18.6,208.4,pm25
Mumbai,2022-01-06,59.0,,,,,,98.3,,,,,,98.3,pm25
Mumbai,2022-01-07,116.0,148.0,36.9,,,16.4,286.3,132.2,46.1,,,20.5,286.3,pm25
Mumbai,2022-01-08,,,,,,,,,,,,,,
Mumbai,2022-01-09,,,,,,,,,,,,,,
Mumbai,2022-01-10,46.0,114.0,71.7,,,16.1,76.3,109.6,89.6,,,20.1,109.6,pm10
Mumbai,2022-01-11,,,,,,,,,,,,,,
Mumbai,2022-01-12,,,,,,,,,,,,,,
Mumbai,2022-01-13,,,,,,,,,,,,,,
Mumbai,2022-01-14,,,,,,,,,,,,,,
Mumbai,2022-01-15,,,,,,,,,,,,,,
Mumbai,2022-01-16,,,,,,,,,,,,,,
Mumbai,2022-01-17,92.0,230.5,101.0,,,51.0,204.4,187.0,121.0,,,63.5,204.4,pm25
Mumbai,2022-01-18,,,,,,,,,,,,,,
Mumbai,2022-01-19,,,,,,,,,,,,,,
Mumbai,2022-01-20,49.2,187.0,,,,12.7,81.7,158.1,,,,15.9,158.1,pm10
Mumbai,2022-01-21,33.5,153.3,49.2,,,47.0,55.2,135.8,61.3,,,58.5,135.8,pm10
Mumbai,2022-01-22,50.0,113.7,22.5,,,58.0,83.1,109.4,28.1,,,72.4,109.4,pm10
Mumbai,2022-01-23,551.5,360.0,18.5,,,41.7,401.0,312.3,23.1,,,51.9,401.0,pm25
Mumbai,2022-01-24,86.8,229.2,48.6,,,3.0,189.2,186.2,60.5,,,3.8,189.2,pm25
Mumbai,2022-01-25,108.9,251.7,76.7,,,10.4,262.0,201.7,95.8,,,13.0,262.0,pm25
Mumbai,2022-01-26,88.8,246.5,55.1,,,9.7,196.0,197.7,68.8,,,12.2,197.7,pm10
Mumbai,2022-01-27,,,,,,,,,,,,,,
Mumbai,2022-01-28,54.1,286.6,42.8,,,88.8,90.1,236.6,53.3,,,103.6,236.6,pm10
Mumbai,2022-01-29,62.7,235.2,74.4,75.9,1534.3,70.2,106.8,190.1,93.0,75.9,401.0,87.7,401.0,co
Mumbai,2022-01-30,72.9,236.4,86.8,122.3,1988.6,51.5,141.8,191.0,106.8,132.5,401.0,64.2,401.0,co
Mumbai,2022-01-31,78.9,205.3,98.0,64.4,1248.3,32.3,162.0,170.3,118.0,64.4,401.0,40.4,401.0,co
Mumbai,2022-02-01,120.9,273.6,77.4,3.7,1327.1,35.4,,223.6,96.7,3.7,401.0,44.3,401.0,co
Mumbai,2022-02-02,102.1,246.5,84.3,22.3,1497.1,44.5,238.9,197.6,104.3,22.3,401.0,55.3,401.0,co
Mumbai,2022-02-03,39.5,241.5,11.7,,,28.6,65.4,194.4,14.6,,,35.8,194.4,pm10
Mumbai,2022-02-04,84.0,242.5,7.5,,,21.0,179.5,195.0,9.4,,,26.2,195.0,pm10
Mumbai,2022-02-05,69.8,207.0,27.1,,,17.8,130.9,171.4,33.9,,,22.2,171.4,pm10
Mumbai,2022-02-06,,,,,,,,,,,,,,
Mumbai,2022-02-07,,,,,,,,,,,,,,
Mumbai,2022-02-08,,,,,,,,,,,,,,
Mumbai,2022-02-09,,,,,,,,,,,,,,
Mumbai,2022-02-10,,,,,,,,,,,,,,
Mumbai,2022-02-11,,,,,,,,,,,,,,
Mumbai,2022-02-12,,,,,,,,,,,,,,
Mumbai,2022-02-13,,,,,,,,,,,,,,
Mumbai,2022-02-14,,,,,,,,,,,,,,
Mumbai,2022-02-15,,,,,,,,,,,,,,
Mumbai,2022-02-16,,,,,,,,,,,,,,
Mumbai,2022-02-17,,,,,,,,,,,,,,
Mumbai,2022-02-18,,,,,,,,,,,,,,
Mumbai,2022-02-19,,,,,,,,,,,,,,
Mumbai,2022-02-20,,,,,,,,,,,,,,
Mumbai,2022-02-21,,,,,,,,,,,,,,
Mumbai,2022-02-22,,,,,,,,,,,,,,
Mumbai,2022-02-23,,,,,,,,,,,,,,
Mumbai,2022-02-24,,,,,,,,,,,,,,
Mumbai,2022-02-25,,,,,,,,,,,,,,
Mumbai,2022-02-26,,,,,,,,,,,,,,
Mumbai,2022-02-27,,,,,,,,,,,,,,
Mumbai,2022-02-28,,,,,,,,,,,,,,
Mumbai,2022-03-01,,,,,,,,,,,,,,
Mumbai,2022-03-02,,,,,,,,,,,,,,
Mumbai,2022-03-03,,,,,,,,,,,,,,
Mumbai,2022-03-04,,,,,,,,,,,,,,
Mumbai,2022-03-05,,,,,,,,,,,,,,
Mumbai,2022-03-06,,,,,,,,,,,,,,
Mumbai,2022-03-07,,,,,,,,,,,,,,
Mumbai,2022-03-08,,,,,,,,,,,,,,
Mumbai,2022-03-09,,,,,,,,,,,,,,
Mumbai,2022-03-10,,,,,,,,,,,,,,
Mumbai,2022-03-11,,,,,,,,,,,,,,
Mumbai,2022-03-12,,,,,,,,,,,,,,
Mumbai,2022-03-13,,,,,,,,,,,,,,
Mumbai,2022-03-14,,,,,,,,,,,,,,
Mumbai,2022-03-15,,,,,,,,,,,,,,
Mumbai,2022-03-16,,,,,,,,,,,,,,
Mumbai,2022-03-17,,,,,,,,,,,,,,
Mumbai,2022-03-18,,,,,,,,,,,,,,
Mumbai,2022-03-19,,,,,,,,,,,,,,
Mumbai,2022-03-20,,,,,,,,,,,,,,
Mumbai,2022-03-21,,,,,,,,,,,,,,
Mumbai,2022-03-22,,,,,,,,,,,,,,
Mumbai,2022-03-23,,,,,,,,,,,,,,
Mumbai,2022-03-24,28.0,102.4,28.5,,,1.3,46.7,101.9,35.6,,,1.7,101.9,pm10
Mumbai,2022-03-25,30.3,106.0,53.7,38.5,689.9,4.4,,104.3,67.0,38.5,401.0,5.5,401.0,co
Mumbai,2022-03-26,136.0,131.6,47.5,66.2,592.4,7.3,312.5,121.3,59.2,66.2,401.0,9.2,401.0,co
Mumbai,2022-03-27,510.5,112.4,35.7,63.2,427.9,6.3,401.0,108.6,44.6,63.2,401.0,7.8,401.0,co
Mumbai,2022-03-28,,,,,,,,,,,,,,
Mumbai,2022-03-29,44.3,152.5,53.1,65.5,709.0,9.6,73.5,135.2,66.3,65.5,401.0,11.9,401.0,co
Mumbai,2022-03-30,37.0,154.6,48.4,61.5,891.2,11.8,61.1,136.6,60.3,61.5,401.0,14.8,401.0,co
Mumbai,2022-03-31,45.9,152.9,53.7,56.3,991.9,17.2,76.2,135.5,67.0,56.3,401.0,21.5,401.0,co
Mumbai,2022-04-01,80.3,256.1,53.3,47.0,865.6,19.7,166.9,206.1,66.4,47.0,401.0,24.6,401.0,co
Mumbai,2022-04-02,66.5,129.3,,,548.8,3.2,119.8,119.8,,,401.0,3.9,401.0,co
Mumbai,2022-04-03,56.0,106.7,,,546.2,4.2,93.2,104.8,,,401.0,5.3,401.0,co
Mumbai,2022-04-04,41.5,84.6,,,498.6,7.4,68.8,84.6,,,401.0,9.3,401.0,co
Mumbai,2022-04-05,35.0,79.5,,,567.5,7.6,57.8,79.5,,,401.0,9.5,401.0,co
Mumbai,2022-04-06,32.5,68.8,,,747.1,7.2,53.5,68.8,,,401.0,8.9,401.0,co
Mumbai,2022-04-07,39.4,71.5,,,702.9,4.1,65.2,71.5,,,401.0,5.1,401.0,co
Mumbai,2022-04-08,25.8,87.4,31.1,54.0,487.5,23.1,43.1,87.4,38.9,54.0,401.0,28.8,401.0,co
Mumbai,2022-04-09,30.7,105.4,28.2,40.6,245.0,24.0,,103.9,35.3,40.6,401.0,30.0,401.0,co
Mumbai,2022-04-10,22.7,67.0,26.5,,,22.5,37.8,67.0,33.1,,,28.1,67.0,pm10
Mumbai,2022-04-11,33.3,110.1,36.7,58.4,726.2,23.6,54.9,107.0,45.9,58.4,401.0,29.5,401.0,co
Mumbai,2022-04-12,37.3,133.1,40.1,65.6,829.4,26.1,61.7,122.4,,65.6,401.0,32.6,401.0,co
Mumbai,2022-04-13,33.9,138.9,38.7,68.3,768.1,26.1,55.9,126.2,48.4,68.3,401.0,32.7,401.0,co
Mumbai,2022-04-14,45.1,82.6,32.5,56.8,621.9,27.3,74.8,82.6,40.6,56.8,401.0,34.1,401.0,co
Mumbai,2022-04-15,24.7,124.6,32.5,55.6,341.8,23.8,41.1,116.7,40.7,55.6,401.0,29.8,401.0,co
Mumbai,2022-04-16,69.1,107.0,24.4,50.9,371.9,14.9,128.8,105.0,30.5,,401.0,18.6,401.0,co
Mumbai,2022-04-17,25.7,94.2,12.0,35.2,378.8,8.5,42.8,94.2,15.1,35.2,401.0,10.7,401.0,co
Mumbai,2022-04-18,25.4,94.7,12.1,412.4,939.0,6.9,42.3,94.7,15.1,338.4,401.0,8.6,401.0,co
Mumbai,2022-04-19,25.0,81.5,11.6,40.8,438.8,24.8,41.6,81.5,14.5,40.8,401.0,31.1,401.0,co
Mumbai,2022-04-20,97.2,96.3,16.6,40.7,677.5,5.6,222.1,96.3,20.8,40.7,401.0,6.9,401.0,co
Mumbai,2022-04-21,54.3,119.9,27.9,41.4,930.0,7.0,90.4,113.5,34.9,41.4,401.0,8.8,401.0,co
Mumbai,2022-04-22,54.1,131.2,31.7,40.5,770.4,6.6,90.1,121.1,39.6,40.5,401.0,8.2,401.0,co
Mumbai,2022-04-23,45.7,114.6,26.7,,695.0,10.0,75.9,110.0,33.3,,401.0,12.5,401.0,co
Mumbai,2022-04-24,32.2,71.6,15.9,,378.3,10.5,53.1,71.6,19.9,,401.0,13.1,401.0,co
Mumbai,2022-04-25,40.3,151.7,31.8,40.6,588.5,7.2,66.8,134.7,39.8,40.6,401.0,9.0,401.0,co
Mumbai,2022-04-26,70.5,113.9,14.3,40.1,536.0,8.3,133.4,109.6,17.9,40.1,401.0,10.4,401.0,co
Mumbai,2022-04-27,,,,,,,,,,,,,,
Mumbai,2022-04-28,33.0,105.2,20.1,40.2,642.1,9.2,54.3,103.8,25.1,40.2,401.0,11.5,401.0,co
Mumbai,2022-04-29,24.6,72.7,14.2,40.2,1130.8,6.3,41.1,72.7,17.7,40.2,401.0,7.9,401.0,co
Mumbai,2022-04-30,23.8,80.4,11.7,40.2,590.0,6.7,39.6,80.4,14.6,40.2,401.0,8.3,401.0,co
Mumbai,2022-05-01,15.3,45.3,9.6,40.2,348.1,6.2,25.5,45.3,12.0,40.2,401.0,7.7,401.0,co
Mumbai,2022-05-02,67.9,81.0,10.1,40.0,261.4,6.0,124.6,81.0,12.7,40.0,401.0,7.5,401.0,co
Mumbai,2022-05-03,,,,,,,,,,,,,,
Mumbai,2022-05-04,53.3,153.9,11.5,40.1,278.9,9.0,88.7,136.2,14.4,40.1,401.0,11.3,401.0,co
Mumbai,2022-05-05,29.3,109.6,8.2,40.4,349.5,6.7,48.9,106.7,10.2,40.4,401.0,8.3,401.0,co
Mumbai,2022-05-06,49.1,142.4,7.3,40.4,340.0,6.1,81.6,128.5,9.1,40.4,401.0,7.6,401.0,co
Mumbai,2022-05-07,50.0,137.3,8.7,40.8,332.1,6.9,83.0,125.1,10.9,40.8,401.0,8.6,401.0,co
Mumbai,2022-05-08,33.7,104.5,9.5,40.6,316.2,7.1,55.5,103.3,11.8,40.6,401.0,8.8,401.0,co
Mumbai,2022-05-09,25.1,85.8,6.9,40.3,256.4,5.7,41.8,85.8,8.6,40.3,401.0,7.1,401.0,co
Mumbai,2022-05-10,23.9,79.6,6.9,40.0,255.7,5.2,39.8,79.6,8.7,40.0,401.0,6.5,401.0,co
Mumbai,2022-05-11,28.8,86.8,4.2,40.3,288.4,6.3,48.0,86.8,5.2,40.3,401.0,7.9,401.0,co
Mumbai,2022-05-12,27.1,96.3,5.1,40.4,340.3,6.2,45.1,96.3,6.4,40.4,401.0,7.8,401.0,co
Mumbai,2022-05-13,36.3,124.5,4.9,40.4,342.5,5.9,60.0,116.6,6.1,40.4,401.0,7.4,401.0,co
Mumbai,2022-05-14,39.7,138.5,4.0,40.2,309.4,6.1,65.7,125.9,5.0,40.2,401.0,7.6,401.0,co
Mumbai,2022-05-15,27.3,87.6,4.7,40.6,251.9,6.4,45.5,87.6,5.9,40.6,401.0,8.0,401.0,co
Mumbai,2022-05-16,38.8,154.0,8.3,40.5,265.0,8.8,64.1,136.2,10.3,40.5,401.0,11.0,401.0,co
Mumbai,2022-05-17,60.6,175.7,6.3,40.5,339.4,6.8,,150.6,7.9,40.5,401.0,8.5,401.0,co
Mumbai,2022-05-18,81.5,248.3,9.0,40.5,320.0,7.7,171.1,198.9,11.3,40.5,401.0,9.6,401.0,co
Mumbai,2022-05-19,60.8,196.3,6.7,40.4,360.9,5.9,,164.4,8.4,40.4,401.0,7.3,401.0,co
Mumbai,2022-05-20,47.0,200.8,4.0,40.8,333.3,6.5,78.0,167.3,5.0,40.8,401.0,8.1,401.0,co
Mumbai,2022-05-21,37.6,113.8,3.6,40.5,350.2,7.9,62.2,109.5,4.5,40.5,401.0,9.8,401.0,co
Mumbai,2022-05-22,21.5,80.7,2.7,40.2,317.1,5.7,35.9,80.7,3.3,40.2,401.0,7.1,401.0,co
Mumbai,2022-05-23,48.9,88.9,2.3,40.6,210.0,5.9,81.3,88.9,2.8,40.6,401.0,7.4,401.0,co
Mumbai,2022-05-24,45.2,96.1,2.3,41.3,237.4,6.5,74.9,96.1,2.9,41.3,401.0,8.1,401.0,co
Mumbai,2022-05-25,24.5,85.6,3.6,41.0,312.1,6.6,40.9,85.6,4.5,41.0,401.0,8.2,401.0,co
Mumbai,2022-05-26,20.7,87.6,4.1,40.8,265.7,6.7,34.5,87.6,5.1,40.8,401.0,8.4,401.0,co
Mumbai,2022-05-27,,,,,,,,,,,,,,
Mumbai,2022-05-28,14.4,80.7,3.9,40.6,261.8,6.7,24.0,80.7,4.8,40.6,401.0,8.3,401.0,co
Mumbai,2022-05-29,18.9,263.5,3.3,40.8,153.3,6.8,31.5,213.5,4.2,40.8,401.0,8.5,401.0,co
Mumbai,2022-05-30,23.3,523.4,3.4,41.0,216.8,7.1,38.8,401.0,4.2,41.0,401.0,8.9,401.0,co
Mumbai,2022-05-31,26.2,239.1,8.4,40.9,190.6,6.6,43.7,192.8,10.5,40.9,401.0,8.2,401.0,co
Mumbai,2022-06-01,24.4,84.9,5.2,40.4,241.9,5.8,40.6,84.9,6.5,40.4,401.0,7.2,401.0,co
Mumbai,2022-06-02,27.9,94.7,2.6,40.3,259.0,5.7,46.6,94.7,3.3,40.3,401.0,7.1,401.0,co
Mumbai,2022-06-03,25.3,99.3,3.2,40.3,291.9,5.9,42.2,99.3,3.9,40.3,401.0,7.3,401.0,co
Mumbai,2022-06-04,21.7,86.9,3.8,40.1,282.5,5.9,36.1,86.9,4.7,40.1,401.0,7.4,401.0,co
Mumbai,2022-06-05,20.9,69.0,3.8,40.3,302.9,6.1,34.9,69.0,4.8,40.3,401.0,7.7,401.0,co
Mumbai,2022-06-06,20.3,67.7,2.1,40.4,295.9,6.2,33.8,67.7,2.6,40.4,401.0,7.8,401.0,co
Mumbai,2022-06-07,14.8,53.3,1.1,40.5,257.0,6.3,24.6,53.3,1.4,40.5,401.0,7.8,401.0,co
Mumbai,2022-06-08,11.7,55.4,2.7,40.6,281.2,6.4,19.5,55.4,3.3,40.6,401.0,8.0,401.0,co
Mumbai,2022-06-09,19.9,45.8,4.4,40.8,500.9,6.5,33.1,45.8,5.5,40.8,401.0,8.2,401.0,co
Mumbai,2022-06-10,10.9,31.5,3.7,40.7,536.4,6.6,18.2,31.5,4.6,40.7,401.0,8.3,401.0,co
Mumbai,2022-06-11,8.7,11.0,1.7,40.8,294.8,6.9,14.5,11.0,2.2,40.8,401.0,8.7,401.0,co
Mumbai,2022-06-12,7.3,12.6,1.5,40.7,278.8,7.1,12.2,12.6,1.9,40.7,401.0,8.8,401.0,co
Mumbai,2022-06-13,11.6,76.9,2.5,40.8,293.5,21.4,19.3,76.9,3.1,40.8,401.0,26.8,401.0,co
Mumbai,2022-06-14,55.6,38.2,6.1,41.6,268.1,29.0,92.5,38.2,7.6,41.6,401.0,36.3,401.0,co
Mumbai,2022-06-15,36.1,34.2,1.0,41.0,266.2,27.6,59.7,34.2,1.3,41.0,401.0,34.6,401.0,co
Mumbai,2022-06-16,17.6,32.3,0.0,41.0,413.1,31.2,29.4,32.3,0.0,41.0,401.0,39.0,401.0,co
Mumbai,2022-06-17,15.5,28.3,0.0,40.8,397.5,33.4,25.8,28.3,0.0,40.8,401.0,41.7,401.0,co
Mumbai,2022-06-18,13.8,23.3,0.3,40.7,301.4,31.1,23.0,23.3,0.4,40.7,401.0,38.8,401.0,co
Mumbai,2022-06-19,7.0,9.6,0.0,40.6,237.1,30.8,11.6,9.6,0.0,40.6,401.0,38.5,401.0,co
Mumbai,2022-06-20,11.7,11.2,0.1,40.8,479.2,30.4,19.5,11.2,0.1,40.8,401.0,38.0,401.0,co
Mumbai,2022-06-21,11.0,13.7,1.0,40.9,400.0,31.9,18.3,13.7,1.2,40.9,401.0,39.9,401.0,co
Mumbai,2022-06-22,17.4,19.9,0.2,40.8,445.4,31.8,29.0,19.9,0.2,40.8,401.0,39.7,401.0,co
Mumbai,2022-06-23,,,,,,,,,,,,,,
Mumbai,2022-06-24,,,,,,,,,,,,,,
Mumbai,2022-06-25,,,,,,,,,,,,,,
Mumbai,2022-06-26,,,,,,,,,,,,,,
Mumbai,2022-06-27,,,,,,,,,,,,,,
Mumbai,2022-06-28,,,,,,,,,,,,,,
Mumbai,2022-06-29,,,,,,,,,,,,,,
Mumbai,2022-06-30,,,,,,,,,,,,,,
Mumbai,2022-07-01,,,,,,,,,,,,,,
Mumbai,2022-07-02,,,,,,,,,,,,,,
Mumbai,2022-07-03,,,,,,,,,,,,,,
Mumbai,2022-07-04,140.0,501.2,0.1,40.6,423.1,38.4,315.6,401.0,0.1,40.6,401.0,48.0,401.0,co
Mumbai,2022-07-05,498.6,183.4,0.5,40.6,611.6,39.6,401.0,155.8,0.6,40.6,401.0,49.5,401.0,co
Mumbai,2022-07-06,985.0,19.2,,,533.8,59.8,401.0,19.2,,,401.0,74.6,401.0,pm25
Mumbai,2022-07-07,985.0,35.8,,,656.2,56.7,401.0,35.8,,,401.0,70.8,401.0,pm25
Mumbai,2022-07-08,499.5,451.0,0.0,41.1,406.7,62.0,401.0,401.0,0.0,41.1,401.0,77.3,401.0,co
Mumbai,2022-07-09,147.9,985.0,0.0,41.0,304.2,94.5,321.7,401.0,0.0,41.0,401.0,105.5,401.0,pm10
Mumbai,2022-07-10,13.6,509.9,0.0,40.8,241.9,84.2,22.7,401.0,0.0,40.8,401.0,102.0,401.0,co
Mumbai,2022-07-11,459.9,508.2,0.0,40.9,323.8,88.8,401.0,401.0,0.0,40.9,401.0,103.6,401.0,co
Mumbai,2022-07-12,500.4,507.0,0.0,41.2,328.8,90.0,401.0,401.0,0.0,41.2,401.0,104.0,401.0,co
Mumbai,2022-07-13,225.0,234.9,0.0,40.5,241.0,90.8,380.9,190.0,0.0,40.5,401.0,104.3,401.0,co
Mumbai,2022-07-14,272.0,27.8,0.0,40.3,358.1,92.5,401.0,27.8,0.0,40.3,401.0,104.8,401.0,co
Mumbai,2022-07-15,161.7,34.5,0.0,40.2,300.0,93.7,332.3,34.5,0.0,40.2,401.0,105.2,401.0,co
Mumbai,2022-07-16,21.6,32.5,0.0,40.4,365.0,91.8,35.9,32.5,0.0,40.4,401.0,104.6,401.0,co
Mumbai,2022-07-17,20.2,34.3,0.0,40.8,275.0,95.5,33.7,34.3,0.0,40.8,401.0,105.8,401.0,co
Mumbai,2022-07-18,16.5,33.4,0.0,40.7,383.1,100.7,27.5,33.4,0.0,40.7,401.0,107.5,401.0,co
Mumbai,2022-07-19,19.6,38.1,0.0,40.9,290.0,108.2,32.7,38.1,0.0,40.9,401.0,110.0,401.0,co
Mumbai,2022-07-20,37.6,31.9,0.0,41.2,371.9,117.0,62.1,31.9,0.0,41.2,401.0,112.9,401.0,co
Mumbai,2022-07-21,39.6,52.8,4.2,40.9,386.2,73.0,65.5,52.8,5.2,40.9,401.0,91.1,401.0,co
Mumbai,2022-07-22,18.6,35.2,6.6,41.0,311.2,49.2,30.9,35.2,8.2,41.0,401.0,61.2,401.0,co
Mumbai,2022-07-23,18.7,28.6,6.6,40.7,285.6,48.4,31.2,28.6,8.2,40.7,401.0,60.3,401.0,co
Mumbai,2022-07-24,14.0,30.1,,,335.0,71.6,23.3,30.1,,,401.0,89.4,401.0,co
Mumbai,2022-07-25,17.2,31.4,0.4,40.7,259.4,48.6,28.6,31.4,0.5,40.7,401.0,60.6,401.0,co
Mumbai,2022-07-26,,,,,,,,,,,,,,
Mumbai,2022-07-27,26.0,124.5,,41.5,977.5,61.4,43.4,116.6,,41.5,401.0,76.6,401.0,co
Mumbai,2022-07-28,28.0,58.9,,41.7,971.2,61.3,46.6,58.9,,41.7,401.0,76.6,401.0,co
Mumbai,2022-07-29,23.1,159.2,8.5,41.7,443.8,62.5,38.4,139.7,10.7,41.7,401.0,78.0,401.0,co
Mumbai,2022-07-30,21.6,64.3,7.6,41.6,426.2,63.3,36.1,64.3,9.5,41.6,401.0,79.1,401.0,co
Mumbai,2022-07-31,20.7,123.6,7.9,41.4,348.8,62.3,34.5,116.0,9.9,41.4,401.0,77.8,401.0,co
Mumbai,2022-08-01,18.1,143.0,7.7,41.3,292.1,61.5,30.1,128.9,9.6,41.3,401.0,76.8,401.0,co
Mumbai,2022-08-02,19.1,117.5,7.8,41.3,307.6,62.1,31.9,112.0,9.8,41.3,401.0,77.6,401.0,co
Mumbai,2022-08-03,40.0,145.6,7.8,41.4,425.0,66.4,66.3,130.6,9.7,41.4,401.0,82.9,401.0,co
Mumbai,2022-08-04,,,,,,,,,,,,,,
Mumbai,2022-08-05,,,,,,,,,,,,,,
Mumbai,2022-08-06,,,,,,,,,,,,,,
Mumbai,2022-08-07,,,,,,,,,,,,,,
Mumbai,2022-08-08,,,,,,,,,,,,,,
Mumbai,2022-08-09,,,,,,,,,,,,,,
Mumbai,2022-08-10,,,,,,,,,,,,,,
Mumbai,2022-08-11,,,,,,,,,,,,,,
Mumbai,2022-08-12,,,,,,,,,,,,,,
Mumbai,2022-08-13,,,,,,,,,,,,,,
Mumbai,2022-08-14,,,,,,,,,,,,,,
Mumbai,2022-08-15,,,,,,,,,,,,,,
Mumbai,2022-08-16,,,,,,,,,,,,,,
Mumbai,2022-08-17,,,,,,,,,,,,,,
Mumbai,2022-08-18,,,,,,,,,,,,,,
Mumbai,2022-08-19,,,,,,,,,,,,,,
Mumbai,2022-08-20,,,,,,,,,,,,,,
Mumbai,2022-08-21,,,,,,,,,,,,,,
Mumbai,2022-08-22,,,,,,,,,,,,,,
Mumbai,2022-08-23,,,,,,,,,,,,,,
Mumbai,2022-08-24,,,,,,,,,,,,,,
Mumbai,2022-08-25,,,,,,,,,,,,,,
Mumbai,2022-08-26,,,,,,,,,,,,,,
Mumbai,2022-08-27,,,,,,,,,,,,,,
Mumbai,2022-08-28,,,,,,,,,,,,,,
Mumbai,2022-08-29,,,,,,,,,,,,,,
Mumbai,2022-08-30,,,,,,,,,,,,,,
Mumbai,2022-08-31,,,,,,,,,,,,,,
Mumbai,2022-09-01,,,,,,,,,,,,,,
Mumbai,2022-09-02,,,,,,,,,,,,,,
Mumbai,2022-09-03,,,,,,,,,,,,,,
Mumbai,2022-09-04,,,,,,,,,,,,,,
Mumbai,2022-09-05,,,,,,,,,,,,,,
Mumbai,2022-09-06,,,,,,,,,,,,,,
Mumbai,2022-09-07,,,,,,,,,,,,,,
Mumbai,2022-09-08,,,,,,,,,,,,,,
Mumbai,2022-09-09,,,,,,,,,,,,,,
Mumbai,2022-09-10,,,,,,,,,,,,,,
Mumbai,2022-09-11,,,,,,,,,,,,,,
Mumbai,2022-09-12,,,,,,,,,,,,,,
Mumbai,2022-09-13,11.5,16.1,7.6,36.1,344.8,12.6,19.1,16.1,9.5,36.1,401.0,15.8,401.0,co
Mumbai,2022-09-14,11.7,18.2,8.3,36.2,864.5,12.4,19.5,18.2,10.4,36.2,401.0,15.4,401.0,co
Mumbai,2022-09-15,12.0,16.5,8.2,,,12.5,20.0,16.5,10.3,,,15.6,20.0,pm25
Mumbai,2022-09-16,500.3,24.0,4.9,,,12.6,401.0,24.0,6.1,,,15.8,401.0,pm25
Mumbai,2022-09-17,985.0,,6.4,,,,401.0,,8.0,,,,401.0,pm25
Mumbai,2022-09-18,12.5,30.0,,,,,20.8,30.0,,,,,30.0,pm10
Mumbai,2022-09-19,19.7,35.5,6.6,,,12.6,32.9,35.5,8.3,,,15.8,35.5,pm10
Mumbai,2022-09-20,20.8,37.1,7.0,,,11.6,34.6,37.1,8.8,,,14.5,37.1,pm10
Mumbai,2022-09-21,18.5,31.0,6.4,,535.0,11.6,30.8,31.0,8.0,,401.0,14.4,401.0,co
Mumbai,2022-09-22,28.3,51.6,6.3,,976.7,12.5,47.2,51.6,7.8,,401.0,15.6,401.0,co
Mumbai,2022-09-23,18.5,40.6,7.0,,532.9,11.7,30.8,40.6,8.8,,401.0,14.7,401.0,co
Mumbai,2022-09-24,,,,,,,,,,,,,,
Mumbai,2022-09-25,16.9,23.3,6.6,36.5,642.9,12.6,28.2,23.3,8.2,36.5,401.0,15.7,401.0,co
Mumbai,2022-09-26,22.8,28.5,7.2,36.7,887.1,12.5,37.9,28.5,9.0,36.7,401.0,15.7,401.0,co
Mumbai,2022-09-27,24.8,36.0,6.5,36.7,910.7,12.6,41.4,36.0,8.2,36.7,401.0,15.7,401.0,co
Mumbai,2022-09-28,30.7,36.7,6.8,36.9,983.3,12.6,,36.7,8.5,36.9,401.0,15.7,401.0,co
Mumbai,2022-09-29,33.3,36.6,12.8,36.7,911.4,12.6,54.9,36.6,16.0,36.7,401.0,15.7,401.0,co
Mumbai,2022-09-30,34.1,52.9,17.5,41.3,885.0,12.6,56.2,52.9,21.9,41.3,401.0,15.7,401.0,co
Mumbai,2022-10-01,32.0,49.9,18.1,41.9,743.3,12.1,52.8,49.9,22.7,41.9,401.0,15.1,401.0,co
Mumbai,2022-10-02,19.5,28.9,13.7,38.1,544.2,14.2,32.5,28.9,17.2,38.1,401.0,17.8,401.0,co
Mumbai,2022-10-03,23.7,37.5,15.1,44.1,498.3,13.6,39.6,37.5,18.8,44.1,401.0,17.0,401.0,co
Mumbai,2022-10-04,31.0,89.3,15.7,50.1,478.0,13.6,,89.3,19.6,,401.0,17.0,401.0,co
Mumbai,2022-10-05,25.4,46.3,14.5,50.5,280.0,14.4,42.3,46.3,18.1,,401.0,18.0,401.0,co
Mumbai,2022-10-06,19.5,36.6,17.1,42.4,334.5,13.7,32.5,36.6,21.4,42.4,401.0,17.1,401.0,co
Mumbai,2022-10-07,22.9,33.9,21.3,41.2,526.9,10.2,38.1,33.9,26.6,41.2,401.0,12.8,401.0,co
Mumbai,2022-10-08,13.1,17.0,19.9,51.7,424.3,6.4,21.8,17.0,24.9,51.7,401.0,8.0,401.0,co
Mumbai,2022-10-09,17.7,27.6,19.0,46.3,506.7,6.0,29.5,27.6,23.8,46.3,401.0,7.5,401.0,co
Mumbai,2022-10-10,27.1,44.8,22.8,51.2,531.0,7.2,45.2,44.8,28.6,51.2,401.0,9.1,401.0,co
Mumbai,2022-10-11,29.0,47.7,24.7,39.9,650.8,6.5,48.3,47.7,30.8,39.9,401.0,8.1,401.0,co
Mumbai,2022-10-12,34.4,52.0,26.6,41.7,902.1,6.6,56.7,52.0,33.2,41.7,401.0,8.2,401.0,co
Mumbai,2022-10-13,37.1,61.9,28.9,48.1,1098.1,7.7,61.3,61.9,36.1,48.1,401.0,9.6,401.0,co
Mumbai,2022-10-14,31.3,117.8,28.1,71.0,775.8,8.1,51.5,112.2,35.1,71.0,401.0,10.1,401.0,co
Mumbai,2022-10-15,96.0,307.1,26.0,69.4,1310.0,7.6,218.2,257.1,32.5,69.4,401.0,9.5,401.0,co
Mumbai,2022-10-16,39.7,550.9,22.8,86.4,887.5,6.0,65.6,401.0,28.5,86.4,401.0,7.4,401.0,co
Mumbai,2022-10-17,,,,,,,,,,,,,,
Mumbai,2022-10-18,,,,,,,,,,,,,,
Mumbai,2022-10-19,,,,,,,,,,,,,,
Mumbai,2022-10-20,,,,,,,,,,,,,,
Mumbai,2022-10-21,,,,,,,,,,,,,,
Mumbai,2022-10-22,,,,,,,,,,,,,,
Mumbai,2022-10-23,,,,,,,,,,,,,,
Mumbai,2022-10-24,,,,,,,,,,,,,,
Mumbai,2022-10-25,,,,,,,,,,,,,,
Mumbai,2022-10-26,,,,,,,,,,,,,,
Mumbai,2022-10-27,,,,,,,,,,,,,,
Mumbai,2022-10-28,,,,,,,,,,,,,,
Mumbai,2022-10-29,,,,,,,,,,,,,,
Mumbai,2022-10-30,,,,,,,,,,,,,,
Mumbai,2022-10-31,58.0,99.0,38.1,,,11.1,96.6,99.0,47.6,,,13.8,99.0,pm10
Mumbai,2025-02-18,71.8,157.1,54.0,,,10.9,137.9,138.3,67.4,,,13.7,138.3,pm10
Mumbai,2025-02-19,63.9,109.8,35.6,36.3,1.1,14.1,110.8,106.9,44.5,36.3,,17.7,110.8,pm25
Mumbai,2025-02-20,55.0,136.6,37.0,39.1,0.9,13.3,91.5,124.6,46.2,39.1,43.8,16.7,124.6,pm10
Mumbai,2025-02-21,51.6,150.6,35.7,11.7,1.0,12.4,85.9,134.0,44.6,11.7,,15.5,134.0,pm10
Mumbai,2025-02-22,50.8,139.2,35.9,44.3,1.1,12.5,84.4,126.4,44.9,44.3,52.5,15.7,126.4,pm10
Mumbai,2025-02-23,47.2,123.6,34.4,51.2,1.2,7.6,78.3,116.0,43.0,51.2,56.7,9.5,116.0,pm10
Mumbai,2025-02-24,75.4,150.0,37.5,39.4,1.5,11.4,150.3,133.5,46.9,39.4,72.4,14.3,150.3,pm25
Mumbai,2025-02-25,76.6,159.6,43.4,40.9,1.8,10.7,154.2,140.0,54.1,40.9,87.1,13.4,154.2,pm25
Mumbai,2025-02-26,75.1,151.3,42.4,45.4,1.8,8.6,149.1,134.4,52.8,45.4,89.4,10.8,149.1,pm25
Mumbai,2025-02-27,113.7,135.3,72.6,8.3,1.8,4.0,278.4,123.8,90.7,8.3,87.5,5.0,278.4,pm25
Mumbai,2025-02-28,56.5,122.7,32.3,22.9,0.5,7.0,94.2,115.4,40.4,22.9,26.1,8.7,115.4,pm10
Mumbai,2025-03-01,57.0,122.6,33.8,29.8,1.0,13.7,95.0,115.4,42.2,29.8,49.2,17.2,115.4,pm10
Mumbai,2025-03-02,49.4,100.2,28.2,31.3,0.8,13.8,82.1,,35.3,31.3,42.3,17.3,82.1,pm25
Mumbai,2025-03-03,66.1,148.6,33.6,27.7,1.0,41.5,118.3,132.6,42.0,27.7,49.4,51.7,132.6,pm10
Mumbai,2025-03-04,63.2,146.7,30.1,31.9,0.9,29.2,108.4,131.4,37.6,31.9,45.8,36.5,131.4,pm10
Mumbai,2025-03-05,67.5,161.7,31.6,35.6,1.4,11.1,123.3,141.3,39.4,35.6,65.8,13.9,141.3,pm10
Mumbai,2025-03-06,71.2,160.9,42.3,35.0,1.9,12.8,135.9,140.8,52.6,35.0,94.6,16.0,140.8,pm10
Mumbai,2025-03-07,66.8,137.5,42.0,40.7,2.0,13.9,120.9,125.3,52.3,40.7,99.9,17.3,125.3,pm10
Mumbai,2025-03-08,58.4,102.7,33.3,34.7,1.4,13.1,97.4,102.2,41.6,34.7,67.3,16.4,102.2,pm10
Mumbai,2025-03-09,48.7,302.9,28.9,18.9,1.1,9.8,80.8,252.9,36.2,18.9,,12.2,252.9,pm10
Mumbai,2025-03-10,80.9,481.6,48.9,39.6,1.3,11.8,169.1,401.0,61.0,39.6,61.6,14.8,401.0,pm10
Mumbai,2025-03-11,69.2,247.0,61.4,31.8,1.2,15.6,129.0,198.0,76.6,31.8,58.0,19.5,198.0,pm10
Mumbai,2025-03-12,74.5,132.1,60.1,43.2,1.4,12.3,147.0,121.6,75.0,43.2,68.1,15.4,147.0,pm25
Mumbai,2025-03-13,53.4,104.8,48.2,26.6,1.1,11.2,88.8,103.5,60.0,26.6,53.5,14.0,103.5,pm10
Mumbai,2025-03-14,41.1,77.9,36.9,24.5,1.0,9.6,68.1,77.9,46.1,24.5,49.9,12.0,77.9,pm10
Mumbai,2025-03-15,37.6,91.3,43.1,17.0,0.7,8.9,62.1,91.3,53.6,17.0,37.3,11.1,91.3,pm10
Mumbai,2025-03-16,42.1,102.7,38.9,18.0,0.7,9.1,69.8,102.1,48.6,18.0,36.6,11.4,102.1,pm10
Mumbai,2025-03-17,38.2,128.4,40.3,24.1,0.7,9.1,63.2,119.2,,24.1,36.0,11.3,119.2,pm10
Mumbai,2025-03-18,38.4,99.3,37.6,17.6,0.6,9.2,63.5,99.3,47.0,17.6,28.6,11.5,99.3,pm10
Mumbai,2025-03-19,43.1,109.8,42.2,26.9,0.6,9.1,71.5,106.8,52.6,26.9,31.5,11.4,106.8,pm10
Mumbai,2025-03-20,47.3,123.8,44.4,32.5,0.7,9.3,78.6,116.1,55.3,32.5,35.6,11.6,116.1,pm10
Mumbai,2025-03-21,41.1,100.7,37.3,16.1,0.5,9.1,68.0,,46.6,16.1,26.2,11.4,68.0,pm25
Mumbai,2025-03-22,44.0,95.8,39.2,20.5,0.6,9.2,73.0,95.8,49.0,20.5,30.1,11.5,95.8,pm10
Mumbai,2025-03-23,47.6,268.1,44.2,35.4,0.8,9.1,79.0,218.1,55.1,35.4,38.5,11.4,218.1,pm10
Mumbai,2025-03-24,52.5,112.4,51.4,17.4,0.7,9.2,87.3,108.6,64.1,17.4,33.8,11.4,108.6,pm10
Mumbai,2025-03-25,51.6,100.4,48.5,22.1,0.5,9.1,85.8,,60.4,22.1,27.1,11.4,85.8,pm25
Mumbai,2025-03-26,39.2,87.1,46.9,20.1,0.6,8.8,64.9,87.1,58.5,20.1,30.0,11.1,87.1,pm10
Mumbai,2025-03-27,39.9,83.9,48.9,16.6,0.4,8.8,66.0,83.9,61.0,16.6,20.8,11.0,83.9,pm10
Mumbai,2025-03-28,61.6,156.3,65.7,28.3,1.0,9.1,103.0,137.7,82.0,28.3,48.1,11.4,137.7,pm10
Mumbai,2025-03-29,74.6,189.9,75.9,48.6,1.0,11.1,147.6,160.1,94.8,48.6,,13.9,160.1,pm10
Mumbai,2025-03-30,60.4,134.0,71.5,46.0,0.9,10.0,,122.9,89.4,46.0,46.1,12.5,122.9,pm10
Mumbai,2025-03-31,48.2,105.2,68.0,37.9,0.7,9.4,80.1,103.8,84.9,37.9,34.0,11.7,103.8,pm10
Mumbai,2025-04-01,56.0,122.4,126.3,23.3,0.8,9.8,93.2,115.2,146.3,23.3,41.5,12.2,146.3,no2
Mumbai,2025-04-02,48.0,103.5,468.7,27.4,1.1,9.9,79.7,102.7,401.0,27.4,53.2,12.4,401.0,no2
Mumbai,2025-04-03,31.4,67.2,501.6,16.0,1.2,9.2,51.6,67.2,401.0,16.0,58.5,11.5,401.0,no2
Mumbai,2025-04-04,39.0,107.2,538.9,16.0,1.2,9.2,64.5,105.1,401.0,16.0,55.5,11.5,401.0,no2
Mumbai,2025-04-05,33.5,68.0,551.2,19.4,1.2,12.3,55.3,68.0,401.0,19.4,54.4,15.4,401.0,no2
Mumbai,2025-04-06,29.8,24.6,571.7,21.5,0.9,8.9,49.6,24.6,401.0,21.5,44.7,11.2,401.0,no2
Mumbai,2025-04-07,37.5,45.2,596.6,29.8,1.1,15.8,62.0,45.2,401.0,29.8,51.8,19.7,401.0,no2
Mumbai,2025-04-08,40.7,169.8,554.3,29.6,1.0,15.4,67.4,146.7,401.0,29.6,49.6,19.2,401.0,no2
Mumbai,2025-04-09,,,,,,,,,,,,,,
Mumbai,2025-04-10,,,,,,,,,,,,,,
Mumbai,2025-04-11,22.6,218.7,23.9,6.8,,8.9,37.6,179.2,29.9,6.8,,11.1,179.2,pm10
Mumbai,2025-04-12,26.4,72.3,17.9,27.0,0.4,8.8,44.0,72.3,22.4,27.0,19.0,11.0,72.3,pm10
Mumbai,2025-04-13,18.8,83.1,18.3,25.8,0.4,9.0,31.3,83.1,22.9,25.8,22.3,11.2,83.1,pm10
Mumbai,2025-04-14,39.9,87.3,25.7,25.1,0.7,9.2,66.1,87.3,32.1,25.1,33.4,11.4,87.3,pm10
Mumbai,2025-04-15,52.0,142.9,21.8,32.7,0.9,9.1,86.5,128.9,27.2,32.7,45.1,11.4,128.9,pm10
Mumbai,2025-04-16,41.4,80.2,17.2,26.5,0.6,9.1,68.6,80.2,21.5,26.5,31.9,11.3,80.2,pm10
Mumbai,2025-04-17,28.3,77.4,17.7,25.3,0.6,9.0,47.1,77.4,22.1,25.3,32.5,11.3,77.4,pm10
Mumbai,2025-04-18,29.0,71.6,17.4,42.1,0.5,9.0,48.4,71.6,21.7,42.1,26.1,11.2,71.6,pm10
Mumbai,2025-04-19,33.5,74.9,20.6,28.2,0.6,9.1,55.3,74.9,25.7,28.2,32.4,11.4,74.9,pm10
Mumbai,2025-04-20,29.9,82.7,19.5,38.8,0.4,9.0,49.8,82.7,24.4,38.8,22.3,11.2,82.7,pm10
Mumbai,2025-04-21,35.4,87.4,23.0,48.9,0.7,8.8,58.4,87.4,28.8,48.9,35.6,11.0,87.4,pm10
Mumbai,2025-04-22,48.5,120.4,24.5,50.4,0.8,9.2,80.5,113.9,30.6,,39.2,11.5,113.9,pm10
Mumbai,2025-04-23,49.7,104.8,26.9,58.2,0.9,9.1,82.6,103.5,33.6,58.2,43.4,11.3,103.5,pm10
Mumbai,2025-04-24,40.2,91.1,23.1,59.3,0.8,9.0,66.5,91.1,28.8,59.3,37.5,11.2,91.1,pm10
Mumbai,2025-04-25,35.2,92.6,20.8,41.9,0.4,8.9,58.2,92.6,26.0,41.9,17.8,11.1,92.6,pm10
Mumbai,2025-04-26,37.1,82.8,19.6,36.0,0.4,8.8,61.3,82.8,24.5,36.0,17.7,11.0,82.8,pm10
Mumbai,2025-04-27,,76.9,20.9,7.2,,16.3,,76.9,26.1,7.2,,20.4,76.9,pm10
Mumbai,2025-04-28,22.6,82.1,18.9,24.1,0.3,9.0,37.7,82.1,23.6,24.1,14.5,11.3,82.1,pm10
Mumbai,2025-04-29,31.5,85.0,21.1,23.3,0.4,9.0,51.9,85.0,26.4,23.3,21.2,11.2,85.0,pm10
Mumbai,2025-04-30,39.9,78.2,20.2,19.0,0.6,8.9,66.0,78.2,25.3,19.0,29.0,11.1,78.2,pm10
Mumbai,2025-05-01,22.5,69.6,16.4,25.6,0.7,8.8,37.5,69.6,20.5,25.6,35.4,11.0,69.6,pm10
Mumbai,2025-05-02,24.6,76.3,19.3,30.0,0.9,8.9,41.0,76.3,24.1,30.0,42.8,11.1,76.3,pm10
Mumbai,2025-05-03,23.1,71.9,21.2,33.5,0.8,9.1,38.4,71.9,26.5,33.5,40.6,11.3,71.9,pm10
Mumbai,2025-05-04,24.7,68.3,16.2,27.3,0.6,8.9,41.1,68.3,20.3,27.3,27.5,11.2,68.3,pm10
Mumbai,2025-05-05,23.5,73.9,17.8,17.6,0.5,8.9,39.1,73.9,22.3,17.6,26.4,11.2,73.9,pm10
Mumbai,2025-05-06,31.9,80.3,21.5,33.1,0.7,8.9,52.6,80.3,26.9,33.1,33.9,11.1,80.3,pm10
Mumbai,2025-05-07,29.7,69.2,28.8,53.1,1.0,5.5,49.6,69.2,36.0,53.1,,6.9,69.2,pm10
Mumbai,2025-05-08,25.0,65.0,28.6,30.0,0.7,9.0,41.6,65.0,35.7,30.0,33.2,11.3,65.0,pm10
Mumbai,2025-05-09,30.7,67.9,25.4,24.2,0.6,8.9,,67.9,31.7,24.2,28.9,11.1,67.9,pm10
Mumbai,2025-05-10,31.3,68.1,22.0,26.6,0.7,8.8,51.5,68.1,27.5,26.6,34.1,10.9,68.1,pm10
Mumbai,2025-05-11,32.0,70.6,22.1,36.3,0.5,8.9,52.6,70.6,27.7,36.3,23.6,11.1,70.6,pm10
Mumbai,2025-05-12,32.3,70.4,23.8,20.6,0.5,9.0,53.2,70.4,29.7,20.6,25.7,11.3,70.4,pm10
Mumbai,2025-05-13,39.8,103.6,22.0,22.1,0.9,9.0,65.9,102.7,27.4,22.1,44.5,11.3,102.7,pm10
Mumbai,2025-05-14,46.8,96.8,27.3,23.4,1.0,9.1,77.7,96.8,34.1,23.4,,11.3,96.8,pm10
Mumbai,2025-05-15,61.9,100.6,103.5,23.1,0.6,1.9,103.9,,123.5,23.1,32.4,2.3,123.5,no2
Mumbai,2025-05-16,37.5,72.2,73.0,15.5,0.5,8.8,62.0,72.2,91.2,15.5,25.2,11.0,91.2,no2
Mumbai,2025-05-17,35.3,68.5,64.7,14.2,0.4,8.7,58.2,68.5,80.8,14.2,20.7,10.9,80.8,no2
Mumbai,2025-05-18,37.3,71.2,64.5,17.5,0.6,8.8,61.6,71.2,80.5,17.5,27.7,11.0,80.5,no2
Mumbai,2025-05-19,38.6,71.1,69.7,14.3,0.6,8.7,63.9,71.1,87.1,14.3,32.2,10.9,87.1,no2
Mumbai,2025-05-20,37.5,66.6,68.2,10.4,0.6,8.8,61.9,66.6,85.2,10.4,30.5,11.0,85.2,no2
Mumbai,2025-05-21,38.4,61.3,68.0,23.5,0.8,9.1,63.5,61.3,84.9,23.5,40.6,11.3,84.9,no2
Mumbai,2025-05-22,33.8,78.5,73.9,29.3,0.9,9.2,55.7,78.5,92.3,29.3,44.6,11.5,92.3,no2
Mumbai,2025-05-23,50.9,104.7,43.6,18.0,1.4,9.3,84.7,103.5,54.3,18.0,69.4,11.7,103.5,pm10
Mumbai,2025-05-24,40.8,80.4,25.5,21.3,1.4,8.8,67.6,80.4,31.9,21.3,69.5,11.0,80.4,pm10
Mumbai,2025-05-25,28.7,54.5,17.8,9.1,0.7,9.0,47.9,54.5,22.2,9.1,33.0,11.2,54.5,pm10
Mumbai,2025-05-26,29.0,56.2,20.9,7.1,1.0,9.2,48.3,56.2,26.1,7.1,,11.5,56.2,pm10
Mumbai,2025-05-27,34.0,51.4,16.8,11.9,0.7,8.6,56.1,51.4,21.0,11.9,33.8,10.8,56.1,pm25
Mumbai,2025-05-28,48.7,98.9,25.6,4.5,0.9,9.2,80.9,98.9,32.0,4.5,47.2,11.6,98.9,pm10
Mumbai,2025-05-29,189.0,151.7,14.9,21.9,0.8,9.0,353.2,134.7,18.6,21.9,41.2,11.2,353.2,pm25
Mumbai,2025-05-30,186.5,79.6,19.6,13.0,0.7,8.9,351.3,79.6,24.6,13.0,32.8,11.2,351.3,pm25
Mumbai,2025-05-31,176.3,76.4,15.4,26.2,0.9,9.0,343.4,76.4,19.2,26.2,43.0,11.2,343.4,pm25
Mumbai,2025-06-01,171.6,63.0,12.8,26.2,0.7,9.0,339.8,63.0,16.0,26.2,35.0,11.3,339.8,pm25
Mumbai,2025-06-02,109.4,75.1,12.9,26.2,0.9,9.1,263.9,75.1,16.1,26.2,45.8,11.3,263.9,pm25
Mumbai,2025-06-03,45.7,69.6,25.1,3.7,0.9,10.0,75.8,69.6,31.3,3.7,44.0,12.5,75.8,pm25
Mumbai,2025-06-04,30.5,66.3,22.3,13.1,0.8,9.5,,66.3,27.8,13.1,39.2,11.9,66.3,pm10
Mumbai,2025-06-05,49.7,96.6,23.3,25.9,0.9,9.6,82.7,96.6,29.1,25.9,45.4,12.1,96.6,pm10
Mumbai,2025-06-06,36.0,80.3,17.4,10.4,0.8,9.6,59.4,80.3,21.7,10.4,41.3,12.0,80.3,pm10
Mumbai,2025-06-07,31.5,60.2,20.7,10.3,0.9,9.4,51.9,60.2,25.9,10.3,47.4,11.8,60.2,pm10
Mumbai,2025-06-08,32.3,71.9,15.3,10.4,0.8,9.7,53.1,71.9,19.1,10.4,42.4,12.1,71.9,pm10
Mumbai,2025-06-09,35.5,79.5,18.5,18.5,0.4,9.2,58.6,79.5,23.1,18.5,18.9,11.5,79.5,pm10
Mumbai,2025-06-10,30.5,77.7,13.9,19.5,0.4,9.4,,77.7,17.4,19.5,20.1,11.8,77.7,pm10
Mumbai,2025-06-11,20.3,63.7,13.4,19.0,0.2,9.3,33.9,63.7,16.7,19.0,10.1,11.7,63.7,pm10
Mumbai,2025-06-12,17.3,56.8,14.7,17.1,0.4,9.5,28.8,56.8,18.4,17.1,17.7,11.9,56.8,pm10
Mumbai,2025-06-13,20.7,55.1,19.4,22.5,0.5,9.5,34.5,55.1,24.2,22.5,26.3,11.8,55.1,pm10
Mumbai,2025-06-14,21.8,53.6,17.5,5.2,0.6,9.9,36.3,53.6,21.9,5.2,27.6,12.4,53.6,pm10
Mumbai,2025-06-15,17.5,63.7,16.2,4.3,,16.4,29.2,63.7,20.2,4.3,,20.5,63.7,pm10
Mumbai,2025-06-16,13.0,43.4,17.2,10.1,0.3,9.4,21.7,43.4,21.5,10.1,17.3,11.7,43.4,pm10
Mumbai,2025-06-17,26.9,54.1,12.9,13.2,0.5,2.7,44.8,54.1,16.2,13.2,25.6,3.3,54.1,pm10
Mumbai,2025-06-18,13.5,26.0,15.6,16.0,0.4,3.8,22.5,26.0,19.5,16.0,18.4,4.7,26.0,pm10
Mumbai,2025-06-19,18.1,53.5,14.2,32.0,0.2,9.4,30.1,53.5,17.7,32.0,10.8,11.7,53.5,pm10
Mumbai,2025-06-20,20.2,60.0,14.1,48.3,0.2,9.4,33.6,60.0,17.7,48.3,8.8,11.8,60.0,pm10
Mumbai,2025-06-21,22.1,64.6,13.8,16.1,0.3,9.4,36.9,64.6,17.2,16.1,14.0,11.7,64.6,pm10
Mumbai,2025-06-22,26.2,64.1,12.7,16.3,0.3,9.5,43.6,64.1,15.9,16.3,14.4,11.9,64.1,pm10
Mumbai,2025-06-23,20.4,59.6,14.1,17.4,0.3,9.4,34.1,59.6,17.7,17.4,14.2,11.8,59.6,pm10
Mumbai,2025-06-24,24.3,67.9,15.4,4.4,0.2,9.6,40.5,67.9,19.3,4.4,12.4,11.9,67.9,pm10
Mumbai,2025-06-25,22.6,68.2,14.6,4.1,0.2,9.4,37.7,68.2,18.2,4.1,8.8,11.7,68.2,pm10
Mumbai,2025-06-26,27.1,62.7,14.5,14.1,0.6,9.5,45.1,62.7,18.2,14.1,30.5,11.9,62.7,pm10
Mumbai,2025-06-27,22.4,49.5,14.3,8.8,0.4,2.1,37.3,49.5,17.9,8.8,18.5,2.6,49.5,pm10
Mumbai,2025-06-28,21.0,56.6,14.4,3.9,0.2,9.1,34.9,56.6,18.0,3.9,11.9,11.4,56.6,pm10
Mumbai,2025-06-29,25.7,61.5,14.0,3.7,0.2,9.3,42.8,61.5,17.5,3.7,8.4,11.6,61.5,pm10
Mumbai,2025-06-30,21.6,59.9,13.6,14.9,0.2,9.3,36.0,59.9,17.0,14.9,9.9,11.7,59.9,pm10
Mumbai,2025-07-01,20.0,62.3,14.4,18.7,0.2,9.3,33.3,62.3,18.0,18.7,9.6,11.6,62.3,pm10
Mumbai,2025-07-02,17.5,53.5,14.9,18.7,0.4,9.4,29.2,53.5,18.7,18.7,20.5,11.7,53.5,pm10
Mumbai,2025-07-03,20.7,55.9,17.1,12.2,0.6,9.3,34.4,55.9,21.3,12.2,28.5,11.7,55.9,pm10
Mumbai,2025-07-04,21.1,56.6,16.0,15.3,0.6,9.5,35.2,56.6,20.0,15.3,28.6,11.9,56.6,pm10
Mumbai,2025-07-05,21.7,58.5,14.4,3.3,0.3,9.4,36.2,58.5,17.9,3.3,16.7,11.8,58.5,pm10
Mumbai,2025-07-06,21.4,59.3,13.5,3.0,0.1,75.7,35.6,59.3,16.9,3.0,4.3,94.6,94.6,so2
Mumbai,2025-07-07,21.2,65.2,15.2,2.9,0.3,9.5,35.3,65.2,19.0,2.9,15.1,11.9,65.2,pm10
Mumbai,2025-07-08,22.5,68.6,15.6,3.0,0.4,9.4,37.4,68.6,19.5,3.0,22.1,11.7,68.6,pm10
Mumbai,2025-07-09,23.3,63.5,16.2,2.8,0.5,9.8,38.9,63.5,20.3,2.8,23.1,12.2,63.5,pm10
Mumbai,2025-07-10,24.1,68.2,16.0,3.0,0.6,9.3,40.1,68.2,20.1,3.0,28.4,11.7,68.2,pm10
Mumbai,2025-07-11,23.3,90.0,16.3,2.9,0.6,9.4,38.8,90.0,20.4,2.9,29.6,11.7,90.0,pm10
Mumbai,2025-07-12,20.2,68.6,17.2,3.7,,16.3,33.6,68.6,21.5,3.7,,20.4,68.6,pm10
Mumbai,2025-07-13,16.6,65.9,16.9,3.7,,16.3,27.7,65.9,21.1,3.7,,20.4,65.9,pm10
Mumbai,2025-07-14,12.4,44.6,16.3,15.8,0.8,11.3,20.7,44.6,20.4,15.8,38.7,14.1,44.6,pm10
Mumbai,2025-07-15,22.6,71.1,17.3,9.1,0.6,9.3,37.7,71.1,21.6,9.1,30.5,11.6,71.1,pm10
Mumbai,2025-07-16,23.8,63.8,15.6,15.7,0.5,9.6,39.7,63.8,19.5,15.7,23.8,12.0,63.8,pm10
Mumbai,2025-07-17,25.8,69.0,16.0,19.9,0.9,9.9,43.1,69.0,20.0,19.9,46.9,12.4,69.0,pm10
Mumbai,2025-07-18,23.7,72.4,15.9,20.8,0.4,8.8,39.4,72.4,19.9,20.8,18.8,10.9,72.4,pm10
Mumbai,2025-07-19,24.0,66.9,16.2,24.1,0.8,8.6,40.0,66.9,20.2,24.1,37.6,10.8,66.9,pm10
Mumbai,2025-07-20,20.3,54.9,18.7,6.1,0.9,9.0,33.9,54.9,23.4,6.1,45.8,11.2,54.9,pm10
Mumbai,2025-07-21,17.0,63.4,15.6,3.7,,16.4,28.3,63.4,19.5,3.7,,20.5,63.4,pm10
Mumbai,2025-07-22,34.4,45.6,18.1,6.6,0.4,8.7,56.8,45.6,22.6,6.6,21.8,10.9,56.8,pm25
Mumbai,2025-07-23,20.8,51.2,19.6,10.0,0.8,8.9,34.6,51.2,24.6,10.0,42.2,11.2,51.2,pm10
Mumbai,2025-07-24,26.3,50.1,17.1,15.2,1.2,9.4,43.9,,21.4,15.2,54.1,11.8,54.1,co
Mumbai,2025-07-25,17.5,46.4,16.8,12.2,0.4,8.9,29.2,46.4,21.0,12.2,18.2,11.2,46.4,pm10
Mumbai,2025-07-26,21.5,54.8,15.7,12.1,0.2,9.3,35.8,54.8,19.6,12.1,8.9,11.6,54.8,pm10
Mumbai,2025-07-27,21.2,53.6,14.7,12.3,0.3,8.7,35.4,53.6,18.4,12.3,14.7,10.9,53.6,pm10
Mumbai,2025-07-28,20.1,59.5,16.5,13.2,0.6,8.7,33.5,59.5,20.7,13.2,27.5,10.9,59.5,pm10
Mumbai,2025-07-29,59.9,59.0,16.7,11.7,0.3,8.8,99.8,59.0,20.9,11.7,13.3,11.0,99.8,pm25
Mumbai,2025-07-30,23.2,65.4,17.4,11.8,0.7,9.0,38.6,65.4,21.8,11.8,35.6,11.2,65.4,pm10
Mumbai,2025-07-31,24.7,68.8,16.8,12.6,0.6,9.0,41.2,68.8,21.1,12.6,30.0,11.2,68.8,pm10
Mumbai,2025-08-01,25.8,68.4,16.9,12.8,0.5,8.8,42.9,68.4,21.1,12.8,22.9,11.0,68.4,pm10
Mumbai,2025-08-02,54.5,61.6,16.6,64.8,0.6,8.8,90.7,61.6,20.8,64.8,28.2,11.0,90.7,pm25
Mumbai,2025-08-03,20.4,60.0,16.1,11.9,0.4,8.9,33.9,60.0,20.1,11.9,19.6,11.1,60.0,pm10
Mumbai,2025-08-04,20.6,66.4,15.8,14.2,0.7,9.0,34.4,66.4,19.7,14.2,32.7,11.2,66.4,pm10
Mumbai,2025-08-05,20.9,76.2,13.6,15.7,0.3,2.9,34.8,76.2,17.0,15.7,15.7,3.6,76.2,pm10
Mumbai,2025-08-06,23.3,80.8,18.1,14.4,0.4,8.9,38.8,80.8,22.6,14.4,20.6,11.1,80.8,pm10
Mumbai,2025-08-07,24.6,64.4,19.0,20.4,1.1,11.8,41.1,64.4,23.8,20.4,,14.8,64.4,pm10
Mumbai,2025-08-08,29.3,71.0,19.0,11.3,0.5,9.0,48.8,71.0,23.8,11.3,27.0,11.3,71.0,pm10
Mumbai,2025-08-09,124.6,66.4,16.4,12.1,0.5,8.9,303.7,66.4,20.5,12.1,23.8,11.2,303.7,pm25
Mumbai,2025-08-10,20.3,59.1,15.6,9.4,0.6,8.9,33.8,59.1,19.5,9.4,29.7,11.1,59.1,pm10
Mumbai,2025-08-11,22.2,62.6,14.0,12.7,0.5,8.9,36.9,62.6,17.4,12.7,23.6,11.1,62.6,pm10
Mumbai,2025-08-12,16.7,60.5,14.0,10.4,0.2,8.8,27.8,60.5,17.5,10.4,11.6,11.0,60.5,pm10
Mumbai,2025-08-13,17.5,52.0,16.4,13.5,0.4,8.8,29.2,52.0,20.5,13.5,21.1,11.0,52.0,pm10
Mumbai,2025-08-14,10.1,42.1,17.7,10.0,0.4,8.9,16.9,42.1,22.2,10.0,18.3,11.2,42.1,pm10
Mumbai,2025-08-15,11.9,39.3,15.5,12.5,0.5,8.8,19.8,39.3,19.3,12.5,26.7,11.0,39.3,pm10
Mumbai,2025-08-16,13.4,39.0,16.8,10.1,0.3,9.0,22.4,39.0,20.9,10.1,14.1,11.3,39.0,pm10
Mumbai,2025-08-17,13.2,41.0,16.0,11.1,0.2,8.7,22.0,41.0,20.1,11.1,8.6,10.9,41.0,pm10
Mumbai,2025-08-18,11.3,39.8,14.7,11.6,0.1,8.8,18.9,39.8,18.4,11.6,7.4,10.9,39.8,pm10
Mumbai,2025-08-19,10.3,39.2,12.6,13.7,0.2,9.0,17.1,39.2,15.8,13.7,10.3,11.3,39.2,pm10
Mumbai,2025-08-20,16.4,48.0,14.4,13.7,0.3,10.1,27.3,48.0,18.0,13.7,15.4,12.6,48.0,pm10
Mumbai,2025-08-21,47.9,53.6,14.7,11.6,0.4,9.5,79.6,53.6,18.4,11.6,18.3,11.8,79.6,pm25
Mumbai,2025-08-22,13.7,50.7,14.8,9.2,0.3,9.3,22.9,,18.5,9.2,16.4,11.6,22.9,pm25
Mumbai,2025-08-23,15.7,57.8,14.1,11.3,0.3,9.4,26.2,57.8,17.6,11.3,15.8,11.7,57.8,pm10
Mumbai,2025-08-24,14.6,54.7,13.1,12.0,0.2,9.3,24.4,54.7,16.4,12.0,9.1,11.6,54.7,pm10
Mumbai,2025-08-25,13.9,45.0,15.0,11.8,0.3,9.4,23.1,45.0,18.8,11.8,16.1,11.7,45.0,pm10
Mumbai,2025-08-26,16.1,47.8,15.6,10.8,0.3,9.3,26.8,47.8,19.5,10.8,15.7,11.6,47.8,pm10
Mumbai,2025-08-27,19.6,66.0,16.5,11.3,,16.3,32.7,66.0,20.7,11.3,,20.3,66.0,pm10
Mumbai,2025-08-28,23.4,53.8,17.6,9.6,0.8,9.5,39.0,53.8,21.9,9.6,42.2,11.9,53.8,pm10
Mumbai,2025-08-29,16.3,43.7,16.6,10.5,0.7,9.3,27.2,43.7,20.8,10.5,34.1,11.6,43.7,pm10
Mumbai,2025-08-30,18.7,46.5,20.3,11.2,0.4,9.4,31.1,46.5,25.4,11.2,19.8,11.8,46.5,pm10
Mumbai,2025-08-31,19.4,51.4,17.1,11.4,0.3,9.3,32.4,51.4,21.4,11.4,13.8,11.7,51.4,pm10
Mumbai,2025-09-01,18.0,50.2,16.7,11.2,0.2,9.3,30.1,,20.9,11.2,12.1,11.6,30.1,pm25
Mumbai,2025-09-02,20.4,51.2,16.5,12.7,0.3,9.8,34.0,51.2,20.7,12.7,13.7,12.3,51.2,pm10
Mumbai,2025-09-03,24.3,62.3,17.5,14.1,0.3,9.2,40.5,62.3,21.9,14.1,13.6,11.5,62.3,pm10
Mumbai,2025-09-04,18.5,51.2,19.7,10.6,0.4,9.3,30.8,51.2,24.6,10.6,21.1,11.7,51.2,pm10
Mumbai,2025-09-05,24.3,51.4,19.7,11.6,0.3,9.5,40.6,51.4,24.6,11.6,13.4,11.8,51.4,pm10
Mumbai,2025-09-06,18.2,46.4,19.0,12.2,0.4,9.3,30.3,46.4,23.7,12.2,18.2,11.6,46.4,pm10
Mumbai,2025-09-07,20.9,55.3,19.7,10.4,0.4,9.5,34.9,55.3,24.7,10.4,22.2,11.8,55.3,pm10
Mumbai,2025-09-08,16.1,64.5,21.0,8.8,0.6,9.5,26.8,64.5,26.3,8.8,27.7,11.9,64.5,pm10
Mumbai,2025-09-09,24.6,88.8,20.3,11.3,0.4,9.4,41.0,88.8,25.4,11.3,20.8,11.8,88.8,pm10
Mumbai,2025-09-10,23.5,87.8,21.2,26.1,0.4,9.5,39.1,87.8,26.5,26.1,21.2,11.9,87.8,pm10
Mumbai,2025-09-11,21.7,66.0,18.0,28.0,0.3,9.9,36.2,66.0,22.5,28.0,14.0,12.4,66.0,pm10
Mumbai,2025-09-12,29.1,51.4,20.5,8.9,0.8,9.5,48.5,51.4,25.6,8.9,40.0,11.9,51.4,pm10
Mumbai,2025-09-13,33.5,46.6,22.1,12.4,0.7,9.4,55.2,46.6,27.6,12.4,35.5,11.7,55.2,pm25
Mumbai,2025-09-14,32.4,34.5,20.2,17.6,0.1,9.4,53.3,34.5,25.3,17.6,7.0,11.7,53.3,pm25
Mumbai,2025-09-15,19.6,46.3,21.0,10.0,0.7,9.6,32.7,46.3,26.2,10.0,35.4,12.0,46.3,pm10
Mumbai,2025-09-16,17.7,47.1,24.6,5.2,0.6,9.7,29.4,47.1,30.7,5.2,29.7,12.1,47.1,pm10
Mumbai,2025-09-17,11.8,74.8,19.5,12.9,0.3,9.5,19.7,74.8,24.4,12.9,13.4,11.9,74.8,pm10
Mumbai,2025-09-18,12.6,387.8,18.6,10.6,0.2,9.6,21.0,347.1,23.3,10.6,8.9,12.0,347.1,pm10
Mumbai,2025-09-19,11.3,385.5,20.1,9.7,0.2,9.6,18.9,344.2,25.2,9.7,12.4,11.9,344.2,pm10
Mumbai,2025-09-20,16.3,389.8,19.0,12.9,0.4,9.5,27.2,349.6,23.8,12.9,19.4,11.9,349.6,pm10
Mumbai,2025-09-21,14.3,383.2,17.8,10.6,0.4,9.5,23.9,341.4,22.3,10.6,20.6,11.9,341.4,pm10
Mumbai,2025-09-22,9.7,370.0,20.8,6.5,0.4,9.4,16.1,324.8,26.0,6.5,18.0,11.7,324.8,pm10
Mumbai,2025-09-23,17.0,375.8,22.0,11.9,0.5,9.5,28.4,332.1,27.5,11.9,22.6,11.9,332.1,pm10
Mumbai,2025-09-24,13.9,375.7,19.8,23.6,0.5,10.2,23.2,331.9,24.7,23.6,23.9,12.7,331.9,pm10
Mumbai,2025-09-25,248.2,169.9,17.5,24.5,0.3,9.6,398.6,146.7,21.9,24.5,16.5,12.0,398.6,pm25
Mumbai,2025-09-26,427.4,85.2,20.0,17.7,0.7,10.2,401.0,85.2,25.0,17.7,36.1,12.7,401.0,pm25
Mumbai,2025-09-27,506.0,89.5,18.0,13.9,0.4,9.5,401.0,89.5,22.5,13.9,20.2,11.9,401.0,pm25
Mumbai,2025-09-28,510.4,77.6,14.7,19.5,0.2,9.5,401.0,77.6,18.4,19.5,8.8,11.9,401.0,pm25
Mumbai,2025-09-29,327.4,78.7,18.7,18.4,0.4,9.5,401.0,78.7,23.3,18.4,22.5,11.8,401.0,pm25
Mumbai,2025-09-30,355.6,65.8,18.7,12.1,0.4,9.5,401.0,65.8,23.4,12.1,18.7,11.9,401.0,pm25
Mumbai,2025-10-01,311.9,59.6,19.5,11.5,0.5,9.2,401.0,59.6,24.4,11.5,25.8,11.5,401.0,pm25
Mumbai,2025-10-02,364.3,50.5,17.7,12.5,0.4,9.2,401.0,,22.1,12.5,18.9,11.5,401.0,pm25
Mumbai,2025-10-03,377.0,59.1,17.4,11.8,0.4,9.1,401.0,59.1,21.7,11.8,21.6,11.4,401.0,pm25
Mumbai,2025-10-04,120.7,258.1,17.7,12.2,0.6,9.6,,208.1,22.1,12.2,27.8,12.1,208.1,pm10
Mumbai,2025-10-05,27.6,171.9,17.3,12.8,0.5,9.4,46.0,148.1,21.7,12.8,25.0,11.8,148.1,pm10
Mumbai,2025-10-06,101.1,69.4,18.4,27.3,0.6,11.1,235.5,69.4,23.0,27.3,28.8,13.9,235.5,pm25
Mumbai,2025-10-07,248.7,78.6,19.8,24.1,0.4,9.5,399.0,78.6,24.8,24.1,22.0,11.9,399.0,pm25
Mumbai,2025-10-08,342.7,87.2,19.6,26.9,0.6,9.7,401.0,87.2,24.5,26.9,27.6,12.1,401.0,pm25
Mumbai,2025-10-09,200.1,119.8,24.0,33.7,0.6,9.6,361.7,113.5,30.1,33.7,27.7,12.1,361.7,pm25
Mumbai,2025-10-10,92.3,138.2,26.6,32.4,0.7,9.8,205.5,125.7,33.3,32.4,35.6,12.2,205.5,pm25
Mumbai,2025-10-11,60.8,140.5,27.8,37.5,0.6,10.0,,127.2,34.7,37.5,28.2,12.5,127.2,pm10
Mumbai,2025-10-12,53.4,118.7,27.4,39.2,0.6,10.0,88.8,112.7,34.2,39.2,29.8,12.4,112.7,pm10
Mumbai,2025-10-13,75.6,148.8,29.6,42.0,0.7,9.2,151.0,132.8,37.0,42.0,35.0,11.5,151.0,pm25
Mumbai,2025-10-14,92.2,361.8,30.1,42.5,0.9,9.3,205.2,314.6,37.6,42.5,45.8,11.6,314.6,pm10
Mumbai,2025-10-15,118.5,330.7,23.9,35.7,0.8,9.2,294.8,280.7,29.9,35.7,41.1,11.5,294.8,pm25
Mumbai,2025-10-16,100.4,421.3,17.0,38.0,0.6,9.0,233.0,389.1,21.3,38.0,27.7,11.3,389.1,pm10
Mumbai,2025-10-17,49.8,431.4,19.9,40.4,0.5,9.8,82.8,401.0,24.9,40.4,26.6,12.3,401.0,pm10
Mumbai,2025-10-18,72.5,447.1,20.5,45.8,0.6,9.8,140.2,401.0,25.6,45.8,30.2,12.3,401.0,pm10
Mumbai,2025-10-19,72.5,450.4,17.2,29.9,0.5,9.8,140.3,401.0,21.5,29.9,27.2,12.3,401.0,pm10
Mumbai,2025-10-20,131.5,490.0,17.4,27.8,0.7,10.3,309.1,401.0,21.8,27.8,35.8,12.9,401.0,pm10
Mumbai,2025-10-21,44.2,426.8,15.9,35.4,0.5,10.4,73.2,395.9,19.9,35.4,25.5,13.0,395.9,pm10
Mumbai,2025-10-22,49.4,240.5,17.2,27.9,0.5,10.0,82.1,193.7,21.5,27.9,23.7,12.5,193.7,pm10
Mumbai,2025-10-23,45.2,90.7,15.5,20.9,0.4,9.8,75.0,90.7,19.3,20.9,19.9,12.2,90.7,pm10
Mumbai,2025-10-24,33.6,80.8,15.1,18.0,0.4,9.5,55.4,80.8,18.9,18.0,17.6,11.8,80.8,pm10
Mumbai,2025-10-25,35.7,60.9,14.1,14.5,0.3,9.9,58.9,60.9,17.6,14.5,16.7,12.3,60.9,pm10
Mumbai,2025-10-26,18.5,44.3,14.0,8.5,0.3,9.0,30.9,44.3,17.4,8.5,14.5,11.3,44.3,pm10
Mumbai,2025-10-27,15.1,42.4,14.7,13.2,0.4,9.9,25.2,42.4,18.3,13.2,17.8,12.4,42.4,pm10
Mumbai,2025-10-28,28.8,74.8,16.2,14.0,0.4,10.1,48.1,74.8,20.2,14.0,19.4,12.6,74.8,pm10
Mumbai,2025-10-29,31.0,67.9,14.9,18.1,0.3,9.7,,67.9,18.6,18.1,13.4,12.1,67.9,pm10
Mumbai,2025-10-30,29.1,60.3,16.5,14.4,0.4,9.3,48.5,60.3,20.6,14.4,20.3,11.6,60.3,pm10
Mumbai,2025-10-31,17.6,42.9,16.0,11.3,0.5,9.3,29.3,42.9,20.0,11.3,24.3,11.7,42.9,pm10
Mumbai,2025-11-01,19.7,51.4,14.5,13.1,0.5,9.5,32.8,51.4,18.2,13.1,25.8,11.8,51.4,pm10
Mumbai,2025-11-02,13.5,40.0,14.3,12.0,0.5,9.3,22.5,40.0,17.9,12.0,22.6,11.6,40.0,pm10
Mumbai,2025-11-03,35.8,44.3,14.0,15.2,0.5,9.9,59.1,44.3,17.5,15.2,24.6,12.4,59.1,pm25
Mumbai,2025-11-04,25.7,78.9,14.4,18.1,0.4,9.0,42.8,78.9,18.0,18.1,17.5,11.3,78.9,pm10
Mumbai,2025-11-05,31.6,97.3,14.6,20.6,0.4,9.3,52.0,97.3,18.2,20.6,19.8,11.6,97.3,pm10
Mumbai,2025-11-06,47.5,143.2,16.9,28.9,0.7,10.7,78.9,129.0,21.1,28.9,33.0,13.3,129.0,pm10
Mumbai,2025-11-07,50.9,133.7,19.6,35.4,0.6,10.5,84.7,122.8,24.5,35.4,28.5,13.2,122.8,pm10
Mumbai,2025-11-08,77.8,145.6,21.1,26.2,0.8,10.0,158.3,130.7,26.3,26.2,41.5,12.5,158.3,pm25
Mumbai,2025-11-09,35.6,122.0,18.8,26.7,0.7,10.3,58.8,115.0,23.5,26.7,33.8,12.8,115.0,pm10
Mumbai,2025-11-10,70.5,168.4,24.5,9.3,1.0,10.0,133.6,145.8,30.6,9.3,48.7,12.5,145.8,pm10
Mumbai,2025-11-11,66.4,158.6,22.3,42.4,1.0,10.9,119.6,139.3,27.9,42.4,48.3,13.6,139.3,pm10
Mumbai,2025-11-12,53.3,147.3,25.5,30.4,0.9,10.3,88.7,131.8,31.9,30.4,47.2,12.9,131.8,pm10
Mumbai,2025-11-13,96.7,155.4,27.2,25.2,0.7,10.8,220.5,137.2,34.0,25.2,36.5,13.5,220.5,pm25
Mumbai,2025-11-14,66.2,153.4,24.6,43.4,1.0,10.4,118.9,135.8,30.7,43.4,49.1,12.9,135.8,pm10
Mumbai,2025-11-15,54.4,148.6,25.4,35.5,1.1,10.8,90.6,132.6,31.7,35.5,53.2,13.5,132.6,pm10
Mumbai,2025-11-16,40.8,124.3,22.0,36.6,1.1,11.1,67.5,116.5,27.6,36.6,,13.9,116.5,pm10
Mumbai,2025-11-17,1104.9,131.7,23.7,43.2,0.8,11.1,401.0,121.4,29.7,43.2,38.6,13.9,401.0,pm25
Mumbai,2025-11-18,43.5,149.1,64.1,18.8,1.3,9.9,72.1,133.0,80.0,18.8,61.2,12.4,133.0,pm10
Mumbai,2025-11-19,36.1,153.5,63.4,34.6,1.2,10.7,59.7,135.9,79.2,34.6,54.8,13.3,135.9,pm10
Mumbai,2025-11-20,39.0,155.4,49.2,37.4,1.0,10.0,64.6,137.1,61.3,37.4,48.1,12.5,137.1,pm10
Mumbai,2025-11-21,9807.8,164.0,42.8,51.3,1.2,10.2,401.0,142.9,53.2,51.3,57.9,12.8,401.0,pm25
Mumbai,2025-11-22,44.4,160.5,43.8,38.1,1.6,10.9,73.7,140.5,54.5,38.1,77.0,13.6,140.5,pm10
Mumbai,2025-11-23,42.6,166.5,49.2,53.2,1.3,2.7,70.6,144.6,61.3,53.2,60.8,3.4,144.6,pm10
Mumbai,2025-11-24,44.6,178.0,37.1,30.4,1.2,9.5,74.0,152.2,46.4,30.4,59.2,11.9,152.2,pm10
Mumbai,2025-11-25,40.3,194.4,38.3,32.7,1.2,9.7,66.8,163.0,47.8,32.7,56.9,12.1,163.0,pm10
Mumbai,2025-11-26,63.6,202.2,39.6,35.7,1.0,10.2,110.0,168.2,49.5,35.7,48.9,12.7,168.2,pm10
Mumbai,2025-11-27,60.8,157.5,36.9,53.9,1.0,9.9,,138.6,46.2,53.9,49.0,12.3,138.6,pm10
Mumbai,2025-11-28,50.6,152.2,35.3,30.5,1.0,9.4,84.1,135.0,44.2,30.5,49.5,11.8,135.0,pm10
Mumbai,2025-11-29,41.5,324.9,36.8,20.2,0.5,10.1,68.7,274.9,46.0,20.2,23.6,12.6,274.9,pm10
Mumbai,2025-11-30,43.9,67739.1,36.5,30.4,1.0,10.6,72.9,401.0,45.7,30.4,,13.3,401.0,pm10
Mumbai,2025-12-01,57.6,16776.7,27.3,32.9,1.1,10.2,96.0,401.0,34.1,32.9,,12.7,401.0,pm10
Mumbai,2025-12-02,100.0,120.3,40.5,15.8,1.1,2.4,231.7,113.8,,15.8,,3.0,231.7,pm25
Mumbai,2025-12-03,65.3,151.2,49.9,37.5,1.2,6.0,115.7,134.4,62.1,37.5,56.7,7.4,134.4,pm10
Mumbai,2025-12-04,42.8,147.8,46.8,18.9,1.1,7.2,70.9,132.1,58.3,18.9,52.6,9.0,132.1,pm10
Mumbai,2025-12-05,39.3,147.0,38.0,17.6,0.9,11.8,65.0,131.5,47.6,17.6,43.1,14.7,131.5,pm10
Mumbai,2025-12-06,54.8,135.8,36.0,33.4,0.6,14.1,91.2,124.1,44.9,33.4,30.1,17.7,124.1,pm10
Mumbai,2025-12-07,38.8,135.5,46.4,61.9,0.6,6.4,64.2,124.0,57.8,61.9,30.1,8.0,124.0,pm10
Mumbai,2025-12-08,50.9,169.1,40.7,26.3,0.9,12.3,84.6,146.2,,26.3,45.6,15.4,146.2,pm10
Mumbai,2025-12-09,73.5,141.7,39.2,22.1,0.8,12.0,143.6,128.1,49.0,22.1,41.1,15.0,143.6,pm25
Mumbai,2025-12-10,64.1,130.3,49.2,18.4,0.9,11.6,111.7,120.4,61.3,18.4,45.1,14.5,120.4,pm10
Mumbai,2025-12-11,97.1,128.9,42.9,19.8,0.6,11.5,221.9,119.5,53.4,19.8,29.0,14.4,221.9,pm25
Mumbai,2025-12-12,65.0,162.0,19.6,28.9,1.0,11.5,114.5,141.5,24.5,28.9,49.5,14.4,141.5,pm10
Mumbai,2025-12-13,53.6,173.0,28.1,43.5,1.3,7.0,89.2,148.8,35.2,43.5,60.6,8.8,148.8,pm10
Mumbai,2025-12-14,46.9,146.4,26.1,44.5,1.7,13.0,77.9,131.1,32.6,44.5,83.8,16.3,131.1,pm10
Mumbai,2025-12-15,45.1,166.8,31.6,26.0,4.4,9.3,74.9,144.7,39.5,26.0,129.5,11.6,144.7,pm10
Mumbai,2025-12-16,62.2,167.3,25.9,40.4,1.2,8.6,105.2,145.1,32.4,40.4,56.5,10.8,145.1,pm10
Mumbai,2025-12-17,153.3,167.9,36.4,38.4,6.0,8.3,325.8,145.4,45.5,38.4,150.3,10.4,325.8,pm25
Mumbai,2025-12-18,93.0,148.4,32.9,34.0,3.3,7.6,207.7,132.5,41.2,34.0,115.9,9.5,207.7,pm25
Mumbai,2025-12-19,38.3,134.5,30.9,38.4,4.2,5.6,63.4,123.2,38.6,38.4,127.3,7.0,127.3,co
Mumbai,2025-12-20,28.9,120.4,25.7,23.4,3.4,5.0,48.2,113.9,32.1,23.4,117.1,6.2,117.1,co
Mumbai,2025-12-21,41.0,122.6,27.2,33.7,3.8,5.3,68.0,115.3,33.9,33.7,122.4,6.6,122.4,co
Mumbai,2025-12-22,38.1,128.2,20.5,22.1,0.8,12.7,62.9,119.1,25.7,22.1,38.6,15.8,119.1,pm10
Mumbai,2025-12-23,28.1,94.3,17.1,23.4,1.1,12.0,46.9,94.3,21.4,23.4,,15.0,94.3,pm10
Mumbai,2025-12-24,27.6,107.6,22.7,31.3,0.3,8.8,46.0,105.4,28.3,31.3,16.6,11.0,105.4,pm10
Mumbai,2025-12-25,54.6,144.0,26.8,35.5,0.3,9.6,90.9,129.6,33.4,35.5,16.4,11.9,129.6,pm10
Mumbai,2025-12-26,74.1,136.4,23.6,46.6,0.3,3.5,145.6,124.5,29.5,46.6,17.0,4.3,145.6,pm25
Mumbai,2025-12-27,235.0,132.4,26.3,34.1,0.3,4.8,388.5,121.8,32.9,34.1,16.3,6.0,388.5,pm25
Mumbai,2025-12-28,66.8,145.3,33.5,30.4,0.3,12.9,120.7,130.5,41.9,30.4,17.1,16.1,130.5,pm10
Mumbai,2025-12-29,59.1,139.4,40.3,32.9,0.3,13.8,98.4,126.5,,32.9,16.3,17.3,126.5,pm10
Mumbai,2025-12-30,63.5,122.2,36.2,29.1,0.3,13.6,109.5,115.1,45.3,29.1,16.6,16.9,115.1,pm10
Mumbai,2025-12-31,91.5,113.8,34.7,27.4,0.4,11.7,202.6,109.5,43.3,27.4,17.5,14.6,202.6,pm25
Mumbai,2026-01-01,30.4,65.4,23.2,14.9,0.3,11.1,,65.4,29.0,14.9,16.9,13.8,65.4,pm10
Mumbai,2026-01-02,37.8,124.0,18.6,22.0,0.3,10.9,62.4,116.3,23.3,22.0,17.1,13.7,116.3,pm10
Mumbai,2026-01-03,39.2,165.1,22.4,18.3,0.3,11.2,64.9,143.6,27.9,18.3,17.2,14.0,143.6,pm10
Mumbai,2026-01-04,37.8,146.5,18.0,18.5,0.3,11.1,62.5,131.2,22.4,18.5,16.6,13.9,131.2,pm10
Mumbai,2026-01-05,35.0,142.6,23.3,21.9,0.3,11.3,57.8,128.6,29.1,21.9,17.5,14.1,128.6,pm10
Mumbai,2026-01-06,32.5,148.8,22.5,23.3,0.3,11.6,53.6,132.7,28.1,23.3,17.0,14.5,132.7,pm10
Mumbai,2026-01-07,50.5,164.1,41.6,31.3,0.3,12.2,83.9,142.9,51.7,31.3,16.1,15.3,142.9,pm10
Mumbai,2026-01-08,46.1,144.4,46.7,25.9,0.3,12.5,76.4,129.8,58.2,25.9,16.4,15.6,129.8,pm10
Mumbai,2026-01-09,41.3,157.6,42.2,40.2,0.3,12.0,68.4,138.6,52.5,40.2,16.1,15.0,138.6,pm10
Mumbai,2026-01-10,37.8,127.2,40.2,39.5,0.3,12.4,62.5,118.4,,39.5,16.4,15.5,118.4,pm10
Mumbai,2026-01-11,,,,,,,,,,,,,,
Mumbai,2026-01-12,,,,,,,,,,,,,,
Mumbai,2026-01-13,,,,,,,,,,,,,,
Mumbai,2026-01-14,,,,,,,,,,,,,,
Mumbai,2026-01-15,,,,,,,,,,,,,,
Mumbai,2026-01-16,,,,,,,,,,,,,,
Mumbai,2026-01-17,,,,,,,,,,,,,,
Mumbai,2026-01-18,,,,,,,,,,,,,,
Mumbai,2026-01-19,,,,,,,,,,,,,,
Mumbai,2026-01-20,88.7,159.2,32.4,8.7,0.3,10.6,195.4,139.7,40.5,8.7,16.4,13.2,195.4,pm25
Mumbai,2026-01-21,66.9,162.0,31.1,26.8,0.3,11.1,121.1,141.5,38.8,26.8,16.4,13.9,141.5,pm10
Mumbai,2026-01-22,61.8,113.7,16.9,27.4,0.3,11.3,103.8,109.4,21.1,27.4,16.8,14.1,109.4,pm10
Mumbai,2026-01-23,41.1,95.8,22.4,21.8,0.3,3.9,68.1,95.8,28.1,21.8,17.5,4.9,95.8,pm10
Mumbai,2026-01-24,38.7,106.0,24.3,24.9,0.3,2.9,64.0,104.3,30.3,24.9,16.9,3.6,104.3,pm10
Mumbai,2026-01-25,43.8,106.4,15.9,28.2,0.3,2.4,72.5,104.6,19.8,28.2,16.5,3.0,104.6,pm10
Mumbai,2026-01-26,30.5,67.3,10.1,12.6,0.3,0.3,,67.3,12.6,12.6,16.7,0.4,67.3,pm10
Mumbai,2026-01-27,29.4,67.2,16.8,22.2,0.3,9.6,49.0,67.2,21.1,22.2,17.3,12.0,67.2,pm10
Mumbai,2026-01-28,25.9,64.5,18.3,9.6,0.3,10.1,43.1,64.5,22.8,9.6,16.3,12.7,64.5,pm10
